Building for debugging...
[0/13] /Users/James/.codex/worktrees/cac1/city-sim/Native/CitySimNative/.build/arm64-apple-macosx/debug/CitySimNativePackageTests.derived/runner.swift
[0/13] Write sources
[0/13] Write CitySimNative-entitlement.plist
[4/13] Write sources
[5/13] Copying Fixtures
[6/13] Copying WorldAssets.atlas
[7/13] Write swift-version--58304C5D6DBC2206.txt
[9/60] Compiling CitySimNative WorldVisualStyle.swift
[10/60] Compiling CitySimNative CitySimulation.swift
[11/60] Compiling CitySimNative CitySimulationCommand.swift
[12/62] Compiling CitySimNative CityScene.swift
[13/62] Compiling CitySimNative CitySceneView.swift
[14/62] Compiling CitySimNative GeneratedWorldAssetManifest.swift
[15/62] Compiling CitySimNative CityAnalytics.swift
[16/62] Compiling CitySimNative CityCommandCatalog.swift
[17/62] Compiling CitySimNative CityDirectActionPresentation.swift
[18/62] Compiling CitySimNative ObjectivesView.swift
[19/62] Compiling CitySimNative OverlayLegendView.swift
[20/62] Compiling CitySimNative TerrainRenderer.swift
[21/62] Compiling CitySimNative WorldAssetCatalog.swift
[22/62] Compiling CitySimNative WorldOverlayRenderer.swift
[23/62] Compiling CitySimNative InspectorView.swift
[24/62] Compiling CitySimNative MetricCard.swift
[25/62] Compiling CitySimNative OverlayPickerView.swift
[26/62] Compiling CitySimNative SettingsView.swift
[27/62] Compiling CitySimNative RoadRenderer.swift
[28/62] Compiling CitySimNative SpatialConsequenceRenderer.swift
[29/62] Compiling CitySimNative StrategyDistrictVisualIdentity.swift
[30/62] Compiling CitySimNative CityStateFingerprint.swift
[31/62] Compiling CitySimNative SaveGameService.swift
[32/62] Compiling CitySimNative CityGameStore.swift
[33/62] Compiling CitySimNative CitySimNativeApp.swift
[34/62] Compiling CitySimNative CityGameState.swift
[35/62] Compiling CitySimNative CityModels.swift
[36/62] Compiling CitySimNative LotContextRenderer.swift
[37/62] Compiling CitySimNative LotLifecycleRenderer.swift
[38/62] Compiling CitySimNative LotRenderer.swift
[39/62] Compiling CitySimNative CityPresentationSnapshot.swift
[40/62] Compiling CitySimNative CitySpatialConsequences.swift
[41/62] Compiling CitySimNative AmbientLifeRenderer.swift
[42/62] Compiling CitySimNative BuildToolbarView.swift
[43/62] Compiling CitySimNative CommandGuideView.swift
[44/62] Compiling CitySimNative ContentView.swift
[45/62] Compiling CitySimNative WelcomeView.swift
[46/62] Compiling CitySimNative resource_bundle_accessor.swift
[47/62] Compiling CitySimNative CityMapPointerTransitionGate.swift
[48/62] Compiling CitySimNative GameTheme.swift
[49/62] Compiling CitySimNative ProofWindowConfigurator.swift
[50/62] Compiling CitySimNative GoldenDistrictRenderer.swift
[51/62] Compiling CitySimNative IsometricGridCoordinateResolver.swift
[52/62] Compiling CitySimNative LotConsequencePresentation.swift
[53/62] Compiling CitySimNative EventFeedView.swift
[54/62] Compiling CitySimNative GameStatusOverlay.swift
[55/62] Compiling CitySimNative StrategyCommandCenterView.swift
[56/62] Compiling CitySimNative TopHUDView.swift
[57/62] Emitting module CitySimNative
[57/62] Write Objects.LinkFileList
[58/62] Linking CitySimNative
[59/62] Applying CitySimNative
[61/80] Compiling CitySimNativeTests VisibleCityStateFixtureTests.swift
[62/80] Compiling CitySimNativeTests ProductionStoryStateFixtureSupport.swift
[63/80] Compiling CitySimNativeTests TerminalVictoryPlatformTests.swift
[64/80] Compiling CitySimNativeTests StarterDistrictTests.swift
[65/80] Compiling CitySimNativeTests IsometricGridCoordinateResolverTests.swift
[66/80] Compiling CitySimNativeTests SessionPlatformTests.swift
[67/80] Compiling CitySimNativeTests GameplayLoopTests.swift
[68/80] Compiling CitySimNativeTests StrategyResolutionPlatformTests.swift
[69/80] Compiling CitySimNativeTests SpatialConsequenceTests.swift
[70/80] Compiling CitySimNativeTests ProductionStoryStateFixtureTests.swift
[71/80] Compiling CitySimNativeTests VisibleCityStateFixtureSupport.swift
[72/80] Compiling CitySimNativeTests GameStatusOverlayTests.swift
[73/80] Compiling CitySimNativeTests CitySimulationTests.swift
[74/80] Compiling CitySimNativeTests ProofWindowConfiguratorTests.swift
[75/80] Compiling CitySimNativeTests BackupLoadAvailabilityTests.swift
[76/80] Emitting module CitySimNativeTests
[77/80] Compiling CitySimNativeTests CityCommandCatalogTests.swift
[78/80] Compiling CitySimNativeTests WorldRenderingTests.swift
[79/81] Compiling CitySimNativeTests resource_bundle_accessor.swift
[80/83] Emitting module CitySimNativePackageTests
[81/83] Compiling CitySimNativePackageTests runner.swift
[81/83] Write Objects.LinkFileList
[82/83] Linking CitySimNativePackageTests
Build complete! (14.19s)
Test Suite 'All tests' started at 2026-07-25 23:09:10.441.
Test Suite 'CitySimNativePackageTests.xctest' started at 2026-07-25 23:09:10.442.
Test Suite 'BackupLoadAvailabilityTests' started at 2026-07-25 23:09:10.442.
Test Case '-[CitySimNativeTests.BackupLoadAvailabilityTests testAuthenticSchemaZeroAndOneBackupsLoadPausedAndContinueExactly]' started.
Test Case '-[CitySimNativeTests.BackupLoadAvailabilityTests testAuthenticSchemaZeroAndOneBackupsLoadPausedAndContinueExactly]' passed (0.036 seconds).
Test Case '-[CitySimNativeTests.BackupLoadAvailabilityTests testAvailabilityAlwaysUsesTwoReadOnlyExistenceProbesWithinBudget]' started.
Test Case '-[CitySimNativeTests.BackupLoadAvailabilityTests testAvailabilityAlwaysUsesTwoReadOnlyExistenceProbesWithinBudget]' passed (0.026 seconds).
Test Case '-[CitySimNativeTests.BackupLoadAvailabilityTests testEmptyAndPrimaryOnlyRootsPreserveExistingCommandBehavior]' started.
Test Case '-[CitySimNativeTests.BackupLoadAvailabilityTests testEmptyAndPrimaryOnlyRootsPreserveExistingCommandBehavior]' passed (0.012 seconds).
Test Case '-[CitySimNativeTests.BackupLoadAvailabilityTests testInvalidBackupAvailabilityDoesNotValidateRepairOrReportFalseSuccess]' started.
Test Case '-[CitySimNativeTests.BackupLoadAvailabilityTests testInvalidBackupAvailabilityDoesNotValidateRepairOrReportFalseSuccess]' passed (0.002 seconds).
Test Suite 'BackupLoadAvailabilityTests' passed at 2026-07-25 23:09:10.518.
	 Executed 4 tests, with 0 failures (0 unexpected) in 0.075 (0.076) seconds
Test Suite 'CityCommandCatalogTests' started at 2026-07-25 23:09:10.518.
Test Case '-[CitySimNativeTests.CityCommandCatalogTests testApprovedRemedyRequestsOneLifecycleSafeMapFocus]' started.
Test Case '-[CitySimNativeTests.CityCommandCatalogTests testApprovedRemedyRequestsOneLifecycleSafeMapFocus]' passed (0.138 seconds).
Test Case '-[CitySimNativeTests.CityCommandCatalogTests testBlockedTargetBecomesAvailableAfterOneAuthoritativeRoadChange]' started.
Test Case '-[CitySimNativeTests.CityCommandCatalogTests testBlockedTargetBecomesAvailableAfterOneAuthoritativeRoadChange]' passed (0.099 seconds).
Test Case '-[CitySimNativeTests.CityCommandCatalogTests testBuildDecisionCommitUsesTheExistingPrimaryMapIntentExactlyOnce]' started.
Test Case '-[CitySimNativeTests.CityCommandCatalogTests testBuildDecisionCommitUsesTheExistingPrimaryMapIntentExactlyOnce]' passed (0.010 seconds).
Test Case '-[CitySimNativeTests.CityCommandCatalogTests testBuildDecisionPresentsEveryCommitFactAndRoutesOneTruthfulRecovery]' started.
Test Case '-[CitySimNativeTests.CityCommandCatalogTests testBuildDecisionPresentsEveryCommitFactAndRoutesOneTruthfulRecovery]' passed (0.001 seconds).
Test Case '-[CitySimNativeTests.CityCommandCatalogTests testCatalogDeclaresEveryCommandExactlyOnceAndCoversNonSpatialInventory]' started.
Test Case '-[CitySimNativeTests.CityCommandCatalogTests testCatalogDeclaresEveryCommandExactlyOnceAndCoversNonSpatialInventory]' passed (0.000 seconds).
Test Case '-[CitySimNativeTests.CityCommandCatalogTests testCatalogHasNoShortcutCollisionWithinAFocusScope]' started.
Test Case '-[CitySimNativeTests.CityCommandCatalogTests testCatalogHasNoShortcutCollisionWithinAFocusScope]' passed (0.000 seconds).
Test Case '-[CitySimNativeTests.CityCommandCatalogTests testCatalogRouteMatchesExistingStoreIntentEndState]' started.
Test Case '-[CitySimNativeTests.CityCommandCatalogTests testCatalogRouteMatchesExistingStoreIntentEndState]' passed (0.000 seconds).
Test Case '-[CitySimNativeTests.CityCommandCatalogTests testCommandGuideActivationUsesExistingStoreIntentAndKeepsDisabledReason]' started.
Test Case '-[CitySimNativeTests.CityCommandCatalogTests testCommandGuideActivationUsesExistingStoreIntentAndKeepsDisabledReason]' passed (0.000 seconds).
Test Case '-[CitySimNativeTests.CityCommandCatalogTests testCommandGuideRendersWithinCompactAndDefaultBounds]' started.
Test Case '-[CitySimNativeTests.CityCommandCatalogTests testCommandGuideRendersWithinCompactAndDefaultBounds]' passed (0.354 seconds).
Test Case '-[CitySimNativeTests.CityCommandCatalogTests testCompactOverviewAndJournalRenderUsefulDecisionRowsWithinOpenDeckBudget]' started.
Test Case '-[CitySimNativeTests.CityCommandCatalogTests testCompactOverviewAndJournalRenderUsefulDecisionRowsWithinOpenDeckBudget]' passed (6.114 seconds).
Test Case '-[CitySimNativeTests.CityCommandCatalogTests testDiagnosisConsumesExactSpatialSnapshotAndAuthoredNoticeInventoryHasHonestActions]' started.
Test Case '-[CitySimNativeTests.CityCommandCatalogTests testDiagnosisConsumesExactSpatialSnapshotAndAuthoredNoticeInventoryHasHonestActions]' passed (0.004 seconds).
Test Case '-[CitySimNativeTests.CityCommandCatalogTests testDisabledCommandsExplainWhyAndCannotExecute]' started.
Test Case '-[CitySimNativeTests.CityCommandCatalogTests testDisabledCommandsExplainWhyAndCannotExecute]' passed (0.000 seconds).
Test Case '-[CitySimNativeTests.CityCommandCatalogTests testExactCompactRetainsSemanticMapIdentityKeyboardSelectionAndEscapeFocus]' started.
Test Case '-[CitySimNativeTests.CityCommandCatalogTests testExactCompactRetainsSemanticMapIdentityKeyboardSelectionAndEscapeFocus]' passed (4.076 seconds).
Test Case '-[CitySimNativeTests.CityCommandCatalogTests testFocusCityFramesDevelopedCityAfterSelectionClearsButPreservesRealTargetCamera]' started.
Test Case '-[CitySimNativeTests.CityCommandCatalogTests testFocusCityFramesDevelopedCityAfterSelectionClearsButPreservesRealTargetCamera]' passed (0.223 seconds).
Test Case '-[CitySimNativeTests.CityCommandCatalogTests testFocusCityIsOneDiscoverableGlobalCatalogCommand]' started.
Test Case '-[CitySimNativeTests.CityCommandCatalogTests testFocusCityIsOneDiscoverableGlobalCatalogCommand]' passed (0.000 seconds).
Test Case '-[CitySimNativeTests.CityCommandCatalogTests testFocusCityNoticeUrgencyUsesAuthoritativeCountSeverityAndExistingRoute]' started.
Test Case '-[CitySimNativeTests.CityCommandCatalogTests testFocusCityNoticeUrgencyUsesAuthoritativeCountSeverityAndExistingRoute]' passed (0.000 seconds).
Test Case '-[CitySimNativeTests.CityCommandCatalogTests testFocusCityPointerMonitorCancelsDragOutAndPreservesEveryModeExactlyOnce]' started.
Test Case '-[CitySimNativeTests.CityCommandCatalogTests testFocusCityPointerMonitorCancelsDragOutAndPreservesEveryModeExactlyOnce]' passed (0.039 seconds).
Test Case '-[CitySimNativeTests.CityCommandCatalogTests testFocusCityPointerMonitorConsumesOnlyExactWindowSequence]' started.
Test Case '-[CitySimNativeTests.CityCommandCatalogTests testFocusCityPointerMonitorConsumesOnlyExactWindowSequence]' passed (0.018 seconds).
Test Case '-[CitySimNativeTests.CityCommandCatalogTests testFocusCityPointerMonitorLifecyclePreservesTransitionGateAfterCompletedClick]' started.
Test Case '-[CitySimNativeTests.CityCommandCatalogTests testFocusCityPointerMonitorLifecyclePreservesTransitionGateAfterCompletedClick]' passed (0.009 seconds).
Test Case '-[CitySimNativeTests.CityCommandCatalogTests testFocusCityPointerTransitionGateIgnoresZeroDeltaAndClearsAfterRealMovement]' started.
Test Case '-[CitySimNativeTests.CityCommandCatalogTests testFocusCityPointerTransitionGateIgnoresZeroDeltaAndClearsAfterRealMovement]' passed (0.074 seconds).
Test Case '-[CitySimNativeTests.CityCommandCatalogTests testFocusCityShortcutRespectsTextAndWelcomeQuarantine]' started.
Test Case '-[CitySimNativeTests.CityCommandCatalogTests testFocusCityShortcutRespectsTextAndWelcomeQuarantine]' passed (0.000 seconds).
Test Case '-[CitySimNativeTests.CityCommandCatalogTests testFocusCityTogglePreservesPresentationIdentityAndUsesOneStoreIntent]' started.
Test Case '-[CitySimNativeTests.CityCommandCatalogTests testFocusCityTogglePreservesPresentationIdentityAndUsesOneStoreIntent]' passed (0.000 seconds).
Test Case '-[CitySimNativeTests.CityCommandCatalogTests testFocusedMapShortcutDispatchesTheSameStoreIntentExactlyOnce]' started.
Test Case '-[CitySimNativeTests.CityCommandCatalogTests testFocusedMapShortcutDispatchesTheSameStoreIntentExactlyOnce]' passed (0.003 seconds).
Test Case '-[CitySimNativeTests.CityCommandCatalogTests testFocusedReturnRoutesOneRejectedAttemptButTextAndWelcomeRemainQuarantined]' started.
Test Case '-[CitySimNativeTests.CityCommandCatalogTests testFocusedReturnRoutesOneRejectedAttemptButTextAndWelcomeRemainQuarantined]' passed (0.047 seconds).
Test Case '-[CitySimNativeTests.CityCommandCatalogTests testFocusMetadataKeepsUnmodifiedGameplayKeysOutOfGlobalMenus]' started.
Test Case '-[CitySimNativeTests.CityCommandCatalogTests testFocusMetadataKeepsUnmodifiedGameplayKeysOutOfGlobalMenus]' passed (0.000 seconds).
Test Case '-[CitySimNativeTests.CityCommandCatalogTests testHostedFocusCityRendersRestoredUndoSnapshotBeforeReframing]' started.
Test Case '-[CitySimNativeTests.CityCommandCatalogTests testHostedFocusCityRendersRestoredUndoSnapshotBeforeReframing]' passed (2.752 seconds).
Test Case '-[CitySimNativeTests.CityCommandCatalogTests testMapNavigationRequiresActualSKViewFirstResponderAndDispatchesOnce]' started.
Test Case '-[CitySimNativeTests.CityCommandCatalogTests testMapNavigationRequiresActualSKViewFirstResponderAndDispatchesOnce]' passed (0.022 seconds).
Test Case '-[CitySimNativeTests.CityCommandCatalogTests testMapPrimaryActionDisclosesTargetCostAndDisablesProtectedOrInvalidTargets]' started.
Test Case '-[CitySimNativeTests.CityCommandCatalogTests testMapPrimaryActionDisclosesTargetCostAndDisablesProtectedOrInvalidTargets]' passed (0.011 seconds).
Test Case '-[CitySimNativeTests.CityCommandCatalogTests testMeasuredHUDChromeKeepsKeyboardSelectionInsideDefaultAndExactCompactMapViewport]' started.
Test Case '-[CitySimNativeTests.CityCommandCatalogTests testMeasuredHUDChromeKeepsKeyboardSelectionInsideDefaultAndExactCompactMapViewport]' passed (0.058 seconds).
Test Case '-[CitySimNativeTests.CityCommandCatalogTests testOneActiveMapActionTargetAlternatesPointerKeyboardAndAccessibilityTruth]' started.
Test Case '-[CitySimNativeTests.CityCommandCatalogTests testOneActiveMapActionTargetAlternatesPointerKeyboardAndAccessibilityTruth]' passed (0.575 seconds).
Test Case '-[CitySimNativeTests.CityCommandCatalogTests testPauseRestoresLastActiveSpeedAndEscapeClosesTopmostSurfaceFirst]' started.
Test Case '-[CitySimNativeTests.CityCommandCatalogTests testPauseRestoresLastActiveSpeedAndEscapeClosesTopmostSurfaceFirst]' passed (0.000 seconds).
Test Case '-[CitySimNativeTests.CityCommandCatalogTests testPointerCandidateBridgeQuarantinesTextFocus]' started.
Test Case '-[CitySimNativeTests.CityCommandCatalogTests testPointerCandidateBridgeQuarantinesTextFocus]' passed (0.020 seconds).
Test Case '-[CitySimNativeTests.CityCommandCatalogTests testPointerClickAndAXUseOneStoreCommandAndMutateValidTargetExactlyOnce]' started.
Test Case '-[CitySimNativeTests.CityCommandCatalogTests testPointerClickAndAXUseOneStoreCommandAndMutateValidTargetExactlyOnce]' passed (0.162 seconds).
Test Case '-[CitySimNativeTests.CityCommandCatalogTests testQueuedWelcomeFocusHandoffCancelsWhenModalReblocksOrMapDetaches]' started.
Test Case '-[CitySimNativeTests.CityCommandCatalogTests testQueuedWelcomeFocusHandoffCancelsWhenModalReblocksOrMapDetaches]' passed (0.019 seconds).
Test Case '-[CitySimNativeTests.CityCommandCatalogTests testRejectedPlacementPreservesToolTargetAndDurableAcceptedReason]' started.
Test Case '-[CitySimNativeTests.CityCommandCatalogTests testRejectedPlacementPreservesToolTargetAndDurableAcceptedReason]' passed (3.315 seconds).
Test Case '-[CitySimNativeTests.CityCommandCatalogTests testRejectedReturnRoutesOccupiedRoadlessAndUnaffordableTargetsWithoutAdvertisingAvailability]' started.
Test Case '-[CitySimNativeTests.CityCommandCatalogTests testRejectedReturnRoutesOccupiedRoadlessAndUnaffordableTargetsWithoutAdvertisingAvailability]' passed (3.320 seconds).
Test Case '-[CitySimNativeTests.CityCommandCatalogTests testSelectedDiagnosisRendersAtDefaultAndCompactSizes]' started.
Test Case '-[CitySimNativeTests.CityCommandCatalogTests testSelectedDiagnosisRendersAtDefaultAndCompactSizes]' passed (0.283 seconds).
Test Case '-[CitySimNativeTests.CityCommandCatalogTests testSemanticMapHandsTabAndShiftTabToFullKeyboardAccessLoop]' started.
Test Case '-[CitySimNativeTests.CityCommandCatalogTests testSemanticMapHandsTabAndShiftTabToFullKeyboardAccessLoop]' passed (0.014 seconds).
Test Case '-[CitySimNativeTests.CityCommandCatalogTests testStoreOwnsBoundedSelectionAndKeyboardUsesExactPointerAction]' started.
Test Case '-[CitySimNativeTests.CityCommandCatalogTests testStoreOwnsBoundedSelectionAndKeyboardUsesExactPointerAction]' passed (0.000 seconds).
Test Case '-[CitySimNativeTests.CityCommandCatalogTests testStrategyCommandCenterRendersAtDefaultAndExactCompactSizes]' started.
Test Case '-[CitySimNativeTests.CityCommandCatalogTests testStrategyCommandCenterRendersAtDefaultAndExactCompactSizes]' passed (6.060 seconds).
Test Case '-[CitySimNativeTests.CityCommandCatalogTests testStrategyHUDConsumesEveryFrozenStoryMomentFromAuthoritativeAnalytics]' started.
Test Case '-[CitySimNativeTests.CityCommandCatalogTests testStrategyHUDConsumesEveryFrozenStoryMomentFromAuthoritativeAnalytics]' passed (5.829 seconds).
Test Case '-[CitySimNativeTests.CityCommandCatalogTests testStrategyHUDCountdownIgnoresMessageProseAndUrgentRoutesUseCatalogCommands]' started.
Test Case '-[CitySimNativeTests.CityCommandCatalogTests testStrategyHUDCountdownIgnoresMessageProseAndUrgentRoutesUseCatalogCommands]' passed (11.603 seconds).
Test Case '-[CitySimNativeTests.CityCommandCatalogTests testStrategyHUDDiagnosisAndMapRemediesUseOneStoreIntentAndFocusHandoff]' started.
Test Case '-[CitySimNativeTests.CityCommandCatalogTests testStrategyHUDDiagnosisAndMapRemediesUseOneStoreIntentAndFocusHandoff]' passed (5.810 seconds).
Test Case '-[CitySimNativeTests.CityCommandCatalogTests testTaxPolicySearchResultUsesCurrentAvailabilityAndDisabledReason]' started.
Test Case '-[CitySimNativeTests.CityCommandCatalogTests testTaxPolicySearchResultUsesCurrentAvailabilityAndDisabledReason]' passed (0.001 seconds).
Test Case '-[CitySimNativeTests.CityCommandCatalogTests testWarningLanguageFindsTaxPolicyThroughTheCatalog]' started.
Test Case '-[CitySimNativeTests.CityCommandCatalogTests testWarningLanguageFindsTaxPolicyThroughTheCatalog]' passed (0.001 seconds).
Test Case '-[CitySimNativeTests.CityCommandCatalogTests testWelcomePolicyBlocksEveryCatalogAndRendererRouteUntilExplicitDismissal]' started.
Test Case '-[CitySimNativeTests.CityCommandCatalogTests testWelcomePolicyBlocksEveryCatalogAndRendererRouteUntilExplicitDismissal]' passed (0.001 seconds).
Test Case '-[CitySimNativeTests.CityCommandCatalogTests testWelcomePolicyTransitionQueuesOneLifecycleSafeMapFocusHandoff]' started.
Test Case '-[CitySimNativeTests.CityCommandCatalogTests testWelcomePolicyTransitionQueuesOneLifecycleSafeMapFocusHandoff]' passed (0.013 seconds).
Test Suite 'CityCommandCatalogTests' passed at 2026-07-25 23:10:01.603.
	 Executed 47 tests, with 0 failures (0 unexpected) in 51.082 (51.085) seconds
Test Suite 'CitySimulationTests' started at 2026-07-25 23:10:01.603.
Test Case '-[CitySimNativeTests.CitySimulationTests testAnalyticsMatchSimulationEconomyContract]' started.
Test Case '-[CitySimNativeTests.CitySimulationTests testAnalyticsMatchSimulationEconomyContract]' passed (0.001 seconds).
Test Case '-[CitySimNativeTests.CitySimulationTests testBlockingWelcomePreservesExactAuthoredStartUntilDismissed]' started.
Test Case '-[CitySimNativeTests.CitySimulationTests testBlockingWelcomePreservesExactAuthoredStartUntilDismissed]' passed (2.036 seconds).
Test Case '-[CitySimNativeTests.CitySimulationTests testBuildAndBulldozeActionsRestoreExactStateThroughUndo]' started.
Test Case '-[CitySimNativeTests.CitySimulationTests testBuildAndBulldozeActionsRestoreExactStateThroughUndo]' passed (0.031 seconds).
Test Case '-[CitySimNativeTests.CitySimulationTests testBuildCategoriesCoverThePaletteExactlyOnce]' started.
Test Case '-[CitySimNativeTests.CitySimulationTests testBuildCategoriesCoverThePaletteExactlyOnce]' passed (0.000 seconds).
Test Case '-[CitySimNativeTests.CitySimulationTests testBuildCategorySelectionActivatesAVisibleToolFromThatCategory]' started.
Test Case '-[CitySimNativeTests.CitySimulationTests testBuildCategorySelectionActivatesAVisibleToolFromThatCategory]' passed (0.000 seconds).
Test Case '-[CitySimNativeTests.CitySimulationTests testBuildingChargesTreasuryAndStartsConstruction]' started.
Test Case '-[CitySimNativeTests.CitySimulationTests testBuildingChargesTreasuryAndStartsConstruction]' passed (0.000 seconds).
Test Case '-[CitySimNativeTests.CitySimulationTests testBulldozerModeActsOnMapAndSupportsUndo]' started.
Test Case '-[CitySimNativeTests.CitySimulationTests testBulldozerModeActsOnMapAndSupportsUndo]' passed (0.000 seconds).
Test Case '-[CitySimNativeTests.CitySimulationTests testCameraDetailThresholdsRespectRenderQuality]' started.
Test Case '-[CitySimNativeTests.CitySimulationTests testCameraDetailThresholdsRespectRenderQuality]' passed (0.000 seconds).
Test Case '-[CitySimNativeTests.CitySimulationTests testCityUsesDayOnlyPresentation]' started.
Test Case '-[CitySimNativeTests.CitySimulationTests testCityUsesDayOnlyPresentation]' passed (0.004 seconds).
Test Case '-[CitySimNativeTests.CitySimulationTests testCompactInterfaceProducesInspectableFrame]' started.
Test Case '-[CitySimNativeTests.CitySimulationTests testCompactInterfaceProducesInspectableFrame]' passed (1.868 seconds).
Test Case '-[CitySimNativeTests.CitySimulationTests testConstructionCompletesAndPopulationResponds]' started.
Test Case '-[CitySimNativeTests.CitySimulationTests testConstructionCompletesAndPopulationResponds]' passed (0.008 seconds).
Test Case '-[CitySimNativeTests.CitySimulationTests testDemolitionProtectsCityHall]' started.
Test Case '-[CitySimNativeTests.CitySimulationTests testDemolitionProtectsCityHall]' passed (0.000 seconds).
Test Case '-[CitySimNativeTests.CitySimulationTests testGoldenNeighborhoodRendererProofExports]' started.
Test Case '-[CitySimNativeTests.CitySimulationTests testGoldenNeighborhoodRendererProofExports]' passed (0.000 seconds).
Test Case '-[CitySimNativeTests.CitySimulationTests testHUDAnalyticsExposeDecisionReadyHeadroomAndRoadAccess]' started.
Test Case '-[CitySimNativeTests.CitySimulationTests testHUDAnalyticsExposeDecisionReadyHeadroomAndRoadAccess]' passed (0.001 seconds).
Test Case '-[CitySimNativeTests.CitySimulationTests testHUDCommandDeckProducesRegularAndCompactContextFrames]' started.
Test Case '-[CitySimNativeTests.CitySimulationTests testHUDCommandDeckProducesRegularAndCompactContextFrames]' passed (17.258 seconds).
Test Case '-[CitySimNativeTests.CitySimulationTests testHUDContextDeckPreservesSelectionAcrossCityData]' started.
Test Case '-[CitySimNativeTests.CitySimulationTests testHUDContextDeckPreservesSelectionAcrossCityData]' passed (0.000 seconds).
Test Case '-[CitySimNativeTests.CitySimulationTests testHUDRoutesMessagesAndSupportsDismissal]' started.
Test Case '-[CitySimNativeTests.CitySimulationTests testHUDRoutesMessagesAndSupportsDismissal]' passed (0.002 seconds).
Test Case '-[CitySimNativeTests.CitySimulationTests testInteractionModesKeepPrimaryAndSecondaryActionsUnambiguous]' started.
Test Case '-[CitySimNativeTests.CitySimulationTests testInteractionModesKeepPrimaryAndSecondaryActionsUnambiguous]' passed (0.019 seconds).
Test Case '-[CitySimNativeTests.CitySimulationTests testMapFirstChromeDefaultsClosed]' started.
Test Case '-[CitySimNativeTests.CitySimulationTests testMapFirstChromeDefaultsClosed]' passed (0.000 seconds).
Test Case '-[CitySimNativeTests.CitySimulationTests testMessageSummariesGroupRepeatedEventsAndDismissTogether]' started.
Test Case '-[CitySimNativeTests.CitySimulationTests testMessageSummariesGroupRepeatedEventsAndDismissTogether]' passed (0.000 seconds).
Test Case '-[CitySimNativeTests.CitySimulationTests testNewCityHasPlayableFoundation]' started.
Test Case '-[CitySimNativeTests.CitySimulationTests testNewCityHasPlayableFoundation]' passed (0.000 seconds).
Test Case '-[CitySimNativeTests.CitySimulationTests testObjectiveSummaryPrioritizesIncompleteMandate]' started.
Test Case '-[CitySimNativeTests.CitySimulationTests testObjectiveSummaryPrioritizesIncompleteMandate]' passed (0.003 seconds).
Test Case '-[CitySimNativeTests.CitySimulationTests testRendererInitialRenderAndPulsesInvalidateOnlyChangedSpatialTruth]' started.
Test Case '-[CitySimNativeTests.CitySimulationTests testRendererInitialRenderAndPulsesInvalidateOnlyChangedSpatialTruth]' passed (0.258 seconds).
Test Case '-[CitySimNativeTests.CitySimulationTests testRendererInvalidatesOnlyOneChangedBuildingTile]' started.
Test Case '-[CitySimNativeTests.CitySimulationTests testRendererInvalidatesOnlyOneChangedBuildingTile]' passed (0.054 seconds).
Test Case '-[CitySimNativeTests.CitySimulationTests testRendererOverlayAndCameraTransitionsPreserveBaseTileRoots]' started.
Test Case '-[CitySimNativeTests.CitySimulationTests testRendererOverlayAndCameraTransitionsPreserveBaseTileRoots]' passed (0.289 seconds).
Test Case '-[CitySimNativeTests.CitySimulationTests testRendererProducesInspectableFrame]' started.
Test Case '-[CitySimNativeTests.CitySimulationTests testRendererProducesInspectableFrame]' passed (0.214 seconds).
Test Case '-[CitySimNativeTests.CitySimulationTests testRendererPublishesOneGroundedSelectionBoundaryWithoutFloatingCopy]' started.
Test Case '-[CitySimNativeTests.CitySimulationTests testRendererPublishesOneGroundedSelectionBoundaryWithoutFloatingCopy]' passed (0.008 seconds).
Test Case '-[CitySimNativeTests.CitySimulationTests testRendererRoadMutationInvalidatesTargetConnectedRoadAndAdjacentFrontage]' started.
Test Case '-[CitySimNativeTests.CitySimulationTests testRendererRoadMutationInvalidatesTargetConnectedRoadAndAdjacentFrontage]' passed (0.050 seconds).
Test Case '-[CitySimNativeTests.CitySimulationTests testRendererRoutesUnmodifiedKeyboardCommandsToCallbacks]' started.
Test Case '-[CitySimNativeTests.CitySimulationTests testRendererRoutesUnmodifiedKeyboardCommandsToCallbacks]' passed (0.642 seconds).
Test Case '-[CitySimNativeTests.CitySimulationTests testRoadAccessIsRequiredForZoning]' started.
Test Case '-[CitySimNativeTests.CitySimulationTests testRoadAccessIsRequiredForZoning]' passed (0.000 seconds).
Test Case '-[CitySimNativeTests.CitySimulationTests testRoadConnectionMasksPreserveEveryTopologyAndRotation]' started.
Test Case '-[CitySimNativeTests.CitySimulationTests testRoadConnectionMasksPreserveEveryTopologyAndRotation]' passed (0.000 seconds).
Test Case '-[CitySimNativeTests.CitySimulationTests testRoadConnectionsResolveStarterDistrictJunctionsEdgesAndMutations]' started.
Test Case '-[CitySimNativeTests.CitySimulationTests testRoadConnectionsResolveStarterDistrictJunctionsEdgesAndMutations]' passed (0.000 seconds).
Test Case '-[CitySimNativeTests.CitySimulationTests testSimulationIsDeterministic]' started.
Test Case '-[CitySimNativeTests.CitySimulationTests testSimulationIsDeterministic]' passed (0.200 seconds).
Test Case '-[CitySimNativeTests.CitySimulationTests testSimulationSpeedControlsUseExplicitLabelsAndDeterministicTicks]' started.
Test Case '-[CitySimNativeTests.CitySimulationTests testSimulationSpeedControlsUseExplicitLabelsAndDeterministicTicks]' passed (0.000 seconds).
Test Case '-[CitySimNativeTests.CitySimulationTests testStateRoundTripsThroughJSON]' started.
Test Case '-[CitySimNativeTests.CitySimulationTests testStateRoundTripsThroughJSON]' passed (0.014 seconds).
Test Case '-[CitySimNativeTests.CitySimulationTests testViewportInsetsTrackSettledChromeAcrossClosedDecisionDetailsAndPostCloseLayouts]' started.
Test Case '-[CitySimNativeTests.CitySimulationTests testViewportInsetsTrackSettledChromeAcrossClosedDecisionDetailsAndPostCloseLayouts]' passed (0.000 seconds).
Test Case '-[CitySimNativeTests.CitySimulationTests testWorldVisualSeedIsStableAndIndependentOfSimulationSeed]' started.
Test Case '-[CitySimNativeTests.CitySimulationTests testWorldVisualSeedIsStableAndIndependentOfSimulationSeed]' passed (0.000 seconds).
Test Suite 'CitySimulationTests' passed at 2026-07-25 23:10:24.568.
	 Executed 37 tests, with 0 failures (0 unexpected) in 22.963 (22.965) seconds
Test Suite 'GameStatusOverlayTests' started at 2026-07-25 23:10:24.568.
Test Case '-[CitySimNativeTests.GameStatusOverlayTests testExportDeterministicWonSaveForStagedProofWhenRequested]' started.
Test Case '-[CitySimNativeTests.GameStatusOverlayTests testExportDeterministicWonSaveForStagedProofWhenRequested]' passed (0.000 seconds).
Test Case '-[CitySimNativeTests.GameStatusOverlayTests testTerminalStatusSuppressesUnderlyingGameSurfaceWithoutChangingWelcomePolicy]' started.
Test Case '-[CitySimNativeTests.GameStatusOverlayTests testTerminalStatusSuppressesUnderlyingGameSurfaceWithoutChangingWelcomePolicy]' passed (0.000 seconds).
Test Case '-[CitySimNativeTests.GameStatusOverlayTests testTerminalStorePausesAndQuarantinesGameplayUntilExistingReplayRouteRuns]' started.
Test Case '-[CitySimNativeTests.GameStatusOverlayTests testTerminalStorePausesAndQuarantinesGameplayUntilExistingReplayRouteRuns]' passed (0.003 seconds).
Test Case '-[CitySimNativeTests.GameStatusOverlayTests testVictoryOverlayRendersWithinDefaultAndExactCompactBounds]' started.
Test Case '-[CitySimNativeTests.GameStatusOverlayTests testVictoryOverlayRendersWithinDefaultAndExactCompactBounds]' passed (4.908 seconds).
Test Case '-[CitySimNativeTests.GameStatusOverlayTests testVictoryPresentationPreservesAuthenticLegacyCharterIdentity]' started.
Test Case '-[CitySimNativeTests.GameStatusOverlayTests testVictoryPresentationPreservesAuthenticLegacyCharterIdentity]' passed (0.004 seconds).
Test Case '-[CitySimNativeTests.GameStatusOverlayTests testVictoryPresentationUsesDurableRegionalCapitalIdentity]' started.
Test Case '-[CitySimNativeTests.GameStatusOverlayTests testVictoryPresentationUsesDurableRegionalCapitalIdentity]' passed (0.003 seconds).
Test Case '-[CitySimNativeTests.GameStatusOverlayTests testWonFixtureSaveAndLoadRemainsTruthfulAndPaused]' started.
Test Case '-[CitySimNativeTests.GameStatusOverlayTests testWonFixtureSaveAndLoadRemainsTruthfulAndPaused]' passed (0.013 seconds).
Test Suite 'GameStatusOverlayTests' passed at 2026-07-25 23:10:29.499.
	 Executed 7 tests, with 0 failures (0 unexpected) in 4.931 (4.931) seconds
Test Suite 'GameplayLoopTests' started at 2026-07-25 23:10:29.499.
Test Case '-[CitySimNativeTests.GameplayLoopTests testAllFourDurableResolutionsReachTownCharterInsideTwentyMinutes]' started.
Test Case '-[CitySimNativeTests.GameplayLoopTests testAllFourDurableResolutionsReachTownCharterInsideTwentyMinutes]' passed (4.147 seconds).
Test Case '-[CitySimNativeTests.GameplayLoopTests testBothDiscoverableStrategiesReachDurablePayoffWithInteractionMargin]' started.
Test Case '-[CitySimNativeTests.GameplayLoopTests testBothDiscoverableStrategiesReachDurablePayoffWithInteractionMargin]' passed (1.782 seconds).
Test Case '-[CitySimNativeTests.GameplayLoopTests testCommercialSetbackSupportsTaxReliefAndParkRecovery]' started.
Test Case '-[CitySimNativeTests.GameplayLoopTests testCommercialSetbackSupportsTaxReliefAndParkRecovery]' passed (0.304 seconds).
Test Case '-[CitySimNativeTests.GameplayLoopTests testCommittedStrategyDoesNotFlipWhenLaterTileCountsReverse]' started.
Test Case '-[CitySimNativeTests.GameplayLoopTests testCommittedStrategyDoesNotFlipWhenLaterTileCountsReverse]' passed (0.243 seconds).
Test Case '-[CitySimNativeTests.GameplayLoopTests testCostlyPreparationCanAvoidEitherStrategySetback]' started.
Test Case '-[CitySimNativeTests.GameplayLoopTests testCostlyPreparationCanAvoidEitherStrategySetback]' passed (0.377 seconds).
Test Case '-[CitySimNativeTests.GameplayLoopTests testDemandDrivenDevelopmentCreatesVariedLevelsForBothStrategies]' started.
Test Case '-[CitySimNativeTests.GameplayLoopTests testDemandDrivenDevelopmentCreatesVariedLevelsForBothStrategies]' passed (0.507 seconds).
Test Case '-[CitySimNativeTests.GameplayLoopTests testDevelopedLevelsCarryUtilityUpkeepAndPollutionTradeoffs]' started.
Test Case '-[CitySimNativeTests.GameplayLoopTests testDevelopedLevelsCarryUtilityUpkeepAndPollutionTradeoffs]' passed (0.007 seconds).
Test Case '-[CitySimNativeTests.GameplayLoopTests testFailedCharterCheckCanStillReachExistingTerminalLoss]' started.
Test Case '-[CitySimNativeTests.GameplayLoopTests testFailedCharterCheckCanStillReachExistingTerminalLoss]' passed (0.009 seconds).
Test Case '-[CitySimNativeTests.GameplayLoopTests testFailedTownCharterCheckResetsBeforeLaterSuccessfulRun]' started.
Test Case '-[CitySimNativeTests.GameplayLoopTests testFailedTownCharterCheckResetsBeforeLaterSuccessfulRun]' passed (0.081 seconds).
Test Case '-[CitySimNativeTests.GameplayLoopTests testFirstQualifyingResolutionIsCapturedOnceAndNeverFlips]' started.
Test Case '-[CitySimNativeTests.GameplayLoopTests testFirstQualifyingResolutionIsCapturedOnceAndNeverFlips]' passed (0.254 seconds).
Test Case '-[CitySimNativeTests.GameplayLoopTests testIgnoredGrowthWarnsBeforeAUtilityShortfallAndCanRecover]' started.
Test Case '-[CitySimNativeTests.GameplayLoopTests testIgnoredGrowthWarnsBeforeAUtilityShortfallAndCanRecover]' passed (0.409 seconds).
Test Case '-[CitySimNativeTests.GameplayLoopTests testIgnoringEitherSetbackCostsMoreButLeavesARecoveryPath]' started.
Test Case '-[CitySimNativeTests.GameplayLoopTests testIgnoringEitherSetbackCostsMoreButLeavesARecoveryPath]' passed (0.494 seconds).
Test Case '-[CitySimNativeTests.GameplayLoopTests testIndustrialSetbackSupportsUtilityAndGreenBufferRecovery]' started.
Test Case '-[CitySimNativeTests.GameplayLoopTests testIndustrialSetbackSupportsUtilityAndGreenBufferRecovery]' passed (0.311 seconds).
Test Case '-[CitySimNativeTests.GameplayLoopTests testLegacyAwardedPlayingStateNormalizesOnlyAtNextDailyBoundary]' started.
Test Case '-[CitySimNativeTests.GameplayLoopTests testLegacyAwardedPlayingStateNormalizesOnlyAtNextDailyBoundary]' passed (0.007 seconds).
Test Case '-[CitySimNativeTests.GameplayLoopTests testLegacyStateWithoutProgressionNormalizesOnlyOnDailyBoundary]' started.
Test Case '-[CitySimNativeTests.GameplayLoopTests testLegacyStateWithoutProgressionNormalizesOnlyOnDailyBoundary]' passed (0.007 seconds).
Test Case '-[CitySimNativeTests.GameplayLoopTests testLiveCommercialRecoveryReachesACharterPathByDay128]' started.
Test Case '-[CitySimNativeTests.GameplayLoopTests testLiveCommercialRecoveryReachesACharterPathByDay128]' passed (1.006 seconds).
Test Case '-[CitySimNativeTests.GameplayLoopTests testMaterialDecisionsProduceNumericalFeedbackWithinFifteenSeconds]' started.
Test Case '-[CitySimNativeTests.GameplayLoopTests testMaterialDecisionsProduceNumericalFeedbackWithinFifteenSeconds]' passed (0.223 seconds).
Test Case '-[CitySimNativeTests.GameplayLoopTests testMissingLegacyStrategyLoadsNilAndCommitsOnlyAtDailyBoundary]' started.
Test Case '-[CitySimNativeTests.GameplayLoopTests testMissingLegacyStrategyLoadsNilAndCommitsOnlyAtDailyBoundary]' passed (0.016 seconds).
Test Case '-[CitySimNativeTests.GameplayLoopTests testOpeningExposesARealButRecoverableTradeoff]' started.
Test Case '-[CitySimNativeTests.GameplayLoopTests testOpeningExposesARealButRecoverableTradeoff]' passed (0.001 seconds).
Test Case '-[CitySimNativeTests.GameplayLoopTests testOverduePhaseAdvancesOnceAndSchedulesForwardFromCurrentBoundary]' started.
Test Case '-[CitySimNativeTests.GameplayLoopTests testOverduePhaseAdvancesOnceAndSchedulesForwardFromCurrentBoundary]' passed (0.009 seconds).
Test Case '-[CitySimNativeTests.GameplayLoopTests testProgressionRoundTripsNewAndAwardedStateExactly]' started.
Test Case '-[CitySimNativeTests.GameplayLoopTests testProgressionRoundTripsNewAndAwardedStateExactly]' passed (0.005 seconds).
Test Case '-[CitySimNativeTests.GameplayLoopTests testRecoveryResolutionLegacyDecodeAndAllCasesRoundTrip]' started.
Test Case '-[CitySimNativeTests.GameplayLoopTests testRecoveryResolutionLegacyDecodeAndAllCasesRoundTrip]' passed (0.000 seconds).
Test Case '-[CitySimNativeTests.GameplayLoopTests testRegionalPressureDamagesRouteLotsAndRecoveryLeavesWeatheredHistory]' started.
Test Case '-[CitySimNativeTests.GameplayLoopTests testRegionalPressureDamagesRouteLotsAndRecoveryLeavesWeatheredHistory]' passed (2.063 seconds).
Test Case '-[CitySimNativeTests.GameplayLoopTests testRegionalQualificationCountsOnlyDailyBoundariesResetsAndAwardsOnce]' started.
Test Case '-[CitySimNativeTests.GameplayLoopTests testRegionalQualificationCountsOnlyDailyBoundariesResetsAndAwardsOnce]' passed (1.047 seconds).
Test Case '-[CitySimNativeTests.GameplayLoopTests testRetainedDay25MissCommitsLateWithoutSkippingOrCascadingPhases]' started.
Test Case '-[CitySimNativeTests.GameplayLoopTests testRetainedDay25MissCommitsLateWithoutSkippingOrCascadingPhases]' passed (0.437 seconds).
Test Case '-[CitySimNativeTests.GameplayLoopTests testSecondActLegacyDecodeAndEveryPhaseRoundTripExactly]' started.
Test Case '-[CitySimNativeTests.GameplayLoopTests testSecondActLegacyDecodeAndEveryPhaseRoundTripExactly]' passed (0.003 seconds).
Test Case '-[CitySimNativeTests.GameplayLoopTests testSecondActSaveLoadBackupAndReplayPreserveExactState]' started.
Test Case '-[CitySimNativeTests.GameplayLoopTests testSecondActSaveLoadBackupAndReplayPreserveExactState]' passed (1.067 seconds).
Test Case '-[CitySimNativeTests.GameplayLoopTests testStrategyProgressionSaveLoadsEveryPhaseWithoutMutation]' started.
Test Case '-[CitySimNativeTests.GameplayLoopTests testStrategyProgressionSaveLoadsEveryPhaseWithoutMutation]' passed (0.346 seconds).
Test Case '-[CitySimNativeTests.GameplayLoopTests testStrategyStoriesWarnOnDailyBoundaryAndCreateDifferentOpportunities]' started.
Test Case '-[CitySimNativeTests.GameplayLoopTests testStrategyStoriesWarnOnDailyBoundaryAndCreateDifferentOpportunities]' passed (0.138 seconds).
Test Case '-[CitySimNativeTests.GameplayLoopTests testTemporaryTaxRecoveryImprovesCashflowButSuppressesDemandAndHappiness]' started.
Test Case '-[CitySimNativeTests.GameplayLoopTests testTemporaryTaxRecoveryImprovesCashflowButSuppressesDemandAndHappiness]' passed (0.009 seconds).
Test Case '-[CitySimNativeTests.GameplayLoopTests testThreeActCadenceCreatesThreeCommercialAndIndustrialDecisions]' started.
Test Case '-[CitySimNativeTests.GameplayLoopTests testThreeActCadenceCreatesThreeCommercialAndIndustrialDecisions]' passed (0.505 seconds).
Test Case '-[CitySimNativeTests.GameplayLoopTests testTownCharterObjectiveAndAwardMessageRouteToExistingContext]' started.
Test Case '-[CitySimNativeTests.GameplayLoopTests testTownCharterObjectiveAndAwardMessageRouteToExistingContext]' passed (0.007 seconds).
Test Case '-[CitySimNativeTests.GameplayLoopTests testTownCharterOpensDistinctWarnedSecondActsWithoutImmediatePressure]' started.
Test Case '-[CitySimNativeTests.GameplayLoopTests testTownCharterOpensDistinctWarnedSecondActsWithoutImmediatePressure]' passed (1.866 seconds).
Test Case '-[CitySimNativeTests.GameplayLoopTests testTownCharterRequiresTwelveConsecutiveDailyChecksAndAwardsOnce]' started.
Test Case '-[CitySimNativeTests.GameplayLoopTests testTownCharterRequiresTwelveConsecutiveDailyChecksAndAwardsOnce]' passed (0.126 seconds).
Test Case '-[CitySimNativeTests.GameplayLoopTests testTwoStrategiesReachVictoryAndRemainTerminalThroughTheTwentyMinuteHorizon]' started.
Test Case '-[CitySimNativeTests.GameplayLoopTests testTwoStrategiesReachVictoryAndRemainTerminalThroughTheTwentyMinuteHorizon]' passed (2.009 seconds).
Test Case '-[CitySimNativeTests.GameplayLoopTests testUndoBeforeAndAfterCommitRestoresExactAwaitingStrategyState]' started.
Test Case '-[CitySimNativeTests.GameplayLoopTests testUndoBeforeAndAfterCommitRestoresExactAwaitingStrategyState]' passed (0.035 seconds).
Test Case '-[CitySimNativeTests.GameplayLoopTests testUndoRestoresExactPreResolutionState]' started.
Test Case '-[CitySimNativeTests.GameplayLoopTests testUndoRestoresExactPreResolutionState]' passed (0.263 seconds).
Test Case '-[CitySimNativeTests.GameplayLoopTests testUndoRestoresExactSecondActRecoverySnapshotAndMappingsRouteRemedies]' started.
Test Case '-[CitySimNativeTests.GameplayLoopTests testUndoRestoresExactSecondActRecoverySnapshotAndMappingsRouteRemedies]' passed (0.954 seconds).
Test Case '-[CitySimNativeTests.GameplayLoopTests testUndoRestoresExactTownCharterProgression]' started.
Test Case '-[CitySimNativeTests.GameplayLoopTests testUndoRestoresExactTownCharterProgression]' passed (0.000 seconds).
Test Suite 'GameplayLoopTests' passed at 2026-07-25 23:10:50.575.
	 Executed 39 tests, with 0 failures (0 unexpected) in 21.073 (21.076) seconds
Test Suite 'IsometricGridCoordinateResolverTests' started at 2026-07-25 23:10:50.575.
Test Case '-[CitySimNativeTests.IsometricGridCoordinateResolverTests testRejectsPointsBeyondTheAuthoritativeMapAndInvalidGeometry]' started.
Test Case '-[CitySimNativeTests.IsometricGridCoordinateResolverTests testRejectsPointsBeyondTheAuthoritativeMapAndInvalidGeometry]' passed (0.000 seconds).
Test Case '-[CitySimNativeTests.IsometricGridCoordinateResolverTests testResolvesEveryAuthoritativeCellCenter]' started.
Test Case '-[CitySimNativeTests.IsometricGridCoordinateResolverTests testResolvesEveryAuthoritativeCellCenter]' passed (0.002 seconds).
Test Case '-[CitySimNativeTests.IsometricGridCoordinateResolverTests testResolvesInteriorPointsWithoutCrossingDiamondEdges]' started.
Test Case '-[CitySimNativeTests.IsometricGridCoordinateResolverTests testResolvesInteriorPointsWithoutCrossingDiamondEdges]' passed (0.000 seconds).
Test Suite 'IsometricGridCoordinateResolverTests' passed at 2026-07-25 23:10:50.578.
	 Executed 3 tests, with 0 failures (0 unexpected) in 0.003 (0.003) seconds
Test Suite 'ProductionStoryStateFixtureTests' started at 2026-07-25 23:10:50.578.
Test Case '-[CitySimNativeTests.ProductionStoryStateFixtureTests testAuthenticV1CorpusRemainsByteExactAndMissingSecondActCompatible]' started.
Test Case '-[CitySimNativeTests.ProductionStoryStateFixtureTests testAuthenticV1CorpusRemainsByteExactAndMissingSecondActCompatible]' passed (0.061 seconds).
Test Case '-[CitySimNativeTests.ProductionStoryStateFixtureTests testCurrentCorpusMatchesTwoIndependentBuildsAndManifest]' started.
Test Case '-[CitySimNativeTests.ProductionStoryStateFixtureTests testCurrentCorpusMatchesTwoIndependentBuildsAndManifest]' passed (11.883 seconds).
Test Case '-[CitySimNativeTests.ProductionStoryStateFixtureTests testCurrentIdentityAndExistingBudgetsRemainFrozen]' started.
Test Case '-[CitySimNativeTests.ProductionStoryStateFixtureTests testCurrentIdentityAndExistingBudgetsRemainFrozen]' passed (0.268 seconds).
Test Case '-[CitySimNativeTests.ProductionStoryStateFixtureTests testCurrentPrimaryAndCorruptPrimaryBackupLoadPausedWithImmutableSnapshots]' started.
Test Case '-[CitySimNativeTests.ProductionStoryStateFixtureTests testCurrentPrimaryAndCorruptPrimaryBackupLoadPausedWithImmutableSnapshots]' passed (0.256 seconds).
Test Case '-[CitySimNativeTests.ProductionStoryStateFixtureTests testPlay069V2CorpusRemainsByteExact]' started.
Test Case '-[CitySimNativeTests.ProductionStoryStateFixtureTests testPlay069V2CorpusRemainsByteExact]' passed (0.003 seconds).
Test Case '-[CitySimNativeTests.ProductionStoryStateFixtureTests testReplayUndoAndTerminalBoundariesMatchEveryCurrentStoryIdentity]' started.
Test Case '-[CitySimNativeTests.ProductionStoryStateFixtureTests testReplayUndoAndTerminalBoundariesMatchEveryCurrentStoryIdentity]' passed (11.702 seconds).
Test Case '-[CitySimNativeTests.ProductionStoryStateFixtureTests testWriteCurrentFixtureCorpusOnlyWhenExplicitlyRequested]' started.
Test Case '-[CitySimNativeTests.ProductionStoryStateFixtureTests testWriteCurrentFixtureCorpusOnlyWhenExplicitlyRequested]' passed (0.000 seconds).
Test Suite 'ProductionStoryStateFixtureTests' passed at 2026-07-25 23:11:14.750.
	 Executed 7 tests, with 0 failures (0 unexpected) in 24.172 (24.172) seconds
Test Suite 'ProofWindowConfiguratorTests' started at 2026-07-25 23:11:14.750.
Test Case '-[CitySimNativeTests.ProofWindowConfiguratorTests testFreshCandidateGetsDefaultButOnlyExplicitCompactGetsNineHundredBySixHundred]' started.
Test Case '-[CitySimNativeTests.ProofWindowConfiguratorTests testFreshCandidateGetsDefaultButOnlyExplicitCompactGetsNineHundredBySixHundred]' passed (0.000 seconds).
Test Suite 'ProofWindowConfiguratorTests' passed at 2026-07-25 23:11:14.750.
	 Executed 1 test, with 0 failures (0 unexpected) in 0.000 (0.000) seconds
Test Suite 'SessionPlatformTests' started at 2026-07-25 23:11:14.750.
Test Case '-[CitySimNativeTests.SessionPlatformTests testAcceptedStrategyCommandsProduceFrozenCheckpoints]' started.
Test Case '-[CitySimNativeTests.SessionPlatformTests testAcceptedStrategyCommandsProduceFrozenCheckpoints]' passed (1.716 seconds).
Test Case '-[CitySimNativeTests.SessionPlatformTests testAuthenticPreStrategySaveBytesAndDigestsRemainFrozen]' started.
Test Case '-[CitySimNativeTests.SessionPlatformTests testAuthenticPreStrategySaveBytesAndDigestsRemainFrozen]' passed (0.012 seconds).
Test Case '-[CitySimNativeTests.SessionPlatformTests testDenseSessionSimulationAndPersistencePerformance]' started.
Test Case '-[CitySimNativeTests.SessionPlatformTests testDenseSessionSimulationAndPersistencePerformance]' passed (0.063 seconds).
Test Case '-[CitySimNativeTests.SessionPlatformTests testDigestMismatchPreservesCorruptPrimaryAndRecoversBackup]' started.
Test Case '-[CitySimNativeTests.SessionPlatformTests testDigestMismatchPreservesCorruptPrimaryAndRecoversBackup]' passed (0.275 seconds).
Test Case '-[CitySimNativeTests.SessionPlatformTests testEnvironmentOverrideKeepsAllSaveArtifactsInsideInjectedRoot]' started.
Test Case '-[CitySimNativeTests.SessionPlatformTests testEnvironmentOverrideKeepsAllSaveArtifactsInsideInjectedRoot]' passed (0.007 seconds).
Test Case '-[CitySimNativeTests.SessionPlatformTests testEquivalentSpeedGroupingsProduceTheSameLogicalOutcome]' started.
Test Case '-[CitySimNativeTests.SessionPlatformTests testEquivalentSpeedGroupingsProduceTheSameLogicalOutcome]' passed (0.761 seconds).
Test Case '-[CitySimNativeTests.SessionPlatformTests testFingerprintRejectsUnknownCanonicalVersion]' started.
Test Case '-[CitySimNativeTests.SessionPlatformTests testFingerprintRejectsUnknownCanonicalVersion]' passed (0.000 seconds).
Test Case '-[CitySimNativeTests.SessionPlatformTests testFixtureCommandsAreTypedBoundedAndCodable]' started.
Test Case '-[CitySimNativeTests.SessionPlatformTests testFixtureCommandsAreTypedBoundedAndCodable]' passed (0.005 seconds).
Test Case '-[CitySimNativeTests.SessionPlatformTests testInterruptedReplacementLeavesKnownGoodPrimaryReadable]' started.
Test Case '-[CitySimNativeTests.SessionPlatformTests testInterruptedReplacementLeavesKnownGoodPrimaryReadable]' passed (0.037 seconds).
Test Case '-[CitySimNativeTests.SessionPlatformTests testPresentationSnapshotOwnsAnImmutableAuthoritativeValue]' started.
Test Case '-[CitySimNativeTests.SessionPlatformTests testPresentationSnapshotOwnsAnImmutableAuthoritativeValue]' passed (0.333 seconds).
Test Case '-[CitySimNativeTests.SessionPlatformTests testSchemaOneSaveRoundTripsExactStateAndDigest]' started.
Test Case '-[CitySimNativeTests.SessionPlatformTests testSchemaOneSaveRoundTripsExactStateAndDigest]' passed (0.275 seconds).
Test Case '-[CitySimNativeTests.SessionPlatformTests testStrategyPhaseFingerprintsAreFrozen]' started.
Test Case '-[CitySimNativeTests.SessionPlatformTests testStrategyPhaseFingerprintsAreFrozen]' passed (0.700 seconds).
Test Case '-[CitySimNativeTests.SessionPlatformTests testUndoRestoresExactAuthoritativeStateAndFingerprint]' started.
Test Case '-[CitySimNativeTests.SessionPlatformTests testUndoRestoresExactAuthoritativeStateAndFingerprint]' passed (0.278 seconds).
Test Case '-[CitySimNativeTests.SessionPlatformTests testUninterruptedReplayAndSaveResumeProduceExactStrategyState]' started.
Test Case '-[CitySimNativeTests.SessionPlatformTests testUninterruptedReplayAndSaveResumeProduceExactStrategyState]' passed (0.809 seconds).
Test Case '-[CitySimNativeTests.SessionPlatformTests testVersionOneFingerprintFixturesAreFrozen]' started.
Test Case '-[CitySimNativeTests.SessionPlatformTests testVersionOneFingerprintFixturesAreFrozen]' passed (0.002 seconds).
Test Case '-[CitySimNativeTests.SessionPlatformTests testVersionOneFingerprintIsRepeatableAndPreservesNilProgressionDistinction]' started.
Test Case '-[CitySimNativeTests.SessionPlatformTests testVersionOneFingerprintIsRepeatableAndPreservesNilProgressionDistinction]' passed (0.124 seconds).
Test Suite 'SessionPlatformTests' passed at 2026-07-25 23:11:20.148.
	 Executed 16 tests, with 0 failures (0 unexpected) in 5.397 (5.398) seconds
Test Suite 'SpatialConsequenceTests' started at 2026-07-25 23:11:20.148.
Test Case '-[CitySimNativeTests.SpatialConsequenceTests testAcceptedAndDenseFixturesMeetDerivationDiffAndStorageBudgets]' started.
Test Case '-[CitySimNativeTests.SpatialConsequenceTests testAcceptedAndDenseFixturesMeetDerivationDiffAndStorageBudgets]' passed (0.076 seconds).
Test Case '-[CitySimNativeTests.SpatialConsequenceTests testDiagnosticChannelsAreOptionalBoundedRepeatableAndRowMajor]' started.
Test Case '-[CitySimNativeTests.SpatialConsequenceTests testDiagnosticChannelsAreOptionalBoundedRepeatableAndRowMajor]' passed (0.018 seconds).
Test Case '-[CitySimNativeTests.SpatialConsequenceTests testLandValueAndLocalHappinessAreLocallyMonotonic]' started.
Test Case '-[CitySimNativeTests.SpatialConsequenceTests testLandValueAndLocalHappinessAreLocallyMonotonic]' passed (0.038 seconds).
Test Case '-[CitySimNativeTests.SpatialConsequenceTests testLocalActivityApplicabilityCoversEveryTileFamilyAndMakesZeroExplicit]' started.
Test Case '-[CitySimNativeTests.SpatialConsequenceTests testLocalActivityApplicabilityCoversEveryTileFamilyAndMakesZeroExplicit]' passed (0.040 seconds).
Test Case '-[CitySimNativeTests.SpatialConsequenceTests testLocalActivityIsMonotonicForConnectionOccupancyConditionServiceAndRecovery]' started.
Test Case '-[CitySimNativeTests.SpatialConsequenceTests testLocalActivityIsMonotonicForConnectionOccupancyConditionServiceAndRecovery]' passed (0.034 seconds).
Test Case '-[CitySimNativeTests.SpatialConsequenceTests testMapIsImmutableRowMajorAndProvidesBoundedConstantIndexLookup]' started.
Test Case '-[CitySimNativeTests.SpatialConsequenceTests testMapIsImmutableRowMajorAndProvidesBoundedConstantIndexLookup]' passed (0.007 seconds).
Test Case '-[CitySimNativeTests.SpatialConsequenceTests testPollutionExposureIsBoundedSourceDrivenAndMitigatedByActiveParks]' started.
Test Case '-[CitySimNativeTests.SpatialConsequenceTests testPollutionExposureIsBoundedSourceDrivenAndMitigatedByActiveParks]' passed (0.013 seconds).
Test Case '-[CitySimNativeTests.SpatialConsequenceTests testReplayProducesExactMapsAcrossEquivalentTickGrouping]' started.
Test Case '-[CitySimNativeTests.SpatialConsequenceTests testReplayProducesExactMapsAcrossEquivalentTickGrouping]' passed (0.360 seconds).
Test Case '-[CitySimNativeTests.SpatialConsequenceTests testSaveLoadLegacyAndUndoPreserveExactDerivedTruthWithoutChangingBytes]' started.
Test Case '-[CitySimNativeTests.SpatialConsequenceTests testSaveLoadLegacyAndUndoPreserveExactDerivedTruthWithoutChangingBytes]' passed (0.036 seconds).
Test Case '-[CitySimNativeTests.SpatialConsequenceTests testStoryFixturesFreezeDiagnosticChannelIdentityWithoutChangingStateFingerprints]' started.
Test Case '-[CitySimNativeTests.SpatialConsequenceTests testStoryFixturesFreezeDiagnosticChannelIdentityWithoutChangingStateFingerprints]' passed (6.029 seconds).
Test Case '-[CitySimNativeTests.SpatialConsequenceTests testTrafficPressureIsRoadOnlyAndMonotonicForTopologyOccupancyAndDemand]' started.
Test Case '-[CitySimNativeTests.SpatialConsequenceTests testTrafficPressureIsRoadOnlyAndMonotonicForTopologyOccupancyAndDemand]' passed (0.012 seconds).
Test Case '-[CitySimNativeTests.SpatialConsequenceTests testTransitionEventsAreStableOrderedAndSuppressDiscontinuities]' started.
Test Case '-[CitySimNativeTests.SpatialConsequenceTests testTransitionEventsAreStableOrderedAndSuppressDiscontinuities]' passed (0.013 seconds).
Test Case '-[CitySimNativeTests.SpatialConsequenceTests testUtilityPublishesIndependentBandsFromFullyActiveSources]' started.
Test Case '-[CitySimNativeTests.SpatialConsequenceTests testUtilityPublishesIndependentBandsFromFullyActiveSources]' passed (0.006 seconds).
Test Case '-[CitySimNativeTests.SpatialConsequenceTests testVitalityEventsSuppressNotApplicableEndpointsAndReportRecovery]' started.
Test Case '-[CitySimNativeTests.SpatialConsequenceTests testVitalityEventsSuppressNotApplicableEndpointsAndReportRecovery]' passed (0.013 seconds).
Test Case '-[CitySimNativeTests.SpatialConsequenceTests testVitalityUsesOnlyActiveAuthoritativeLocationInputs]' started.
Test Case '-[CitySimNativeTests.SpatialConsequenceTests testVitalityUsesOnlyActiveAuthoritativeLocationInputs]' passed (0.010 seconds).
Test Suite 'SpatialConsequenceTests' passed at 2026-07-25 23:11:26.854.
	 Executed 15 tests, with 0 failures (0 unexpected) in 6.705 (6.706) seconds
Test Suite 'StarterDistrictTests' started at 2026-07-25 23:11:26.854.
Test Case '-[CitySimNativeTests.StarterDistrictTests testFirstGrowthChoiceCommitsEitherStrategyAtNextDailyReview]' started.
Test Case '-[CitySimNativeTests.StarterDistrictTests testFirstGrowthChoiceCommitsEitherStrategyAtNextDailyReview]' passed (0.010 seconds).
Test Case '-[CitySimNativeTests.StarterDistrictTests testOpeningPressureKeepsUtilitiesSafeAndMakesBothRoutesConsequential]' started.
Test Case '-[CitySimNativeTests.StarterDistrictTests testOpeningPressureKeepsUtilitiesSafeAndMakesBothRoutesConsequential]' passed (0.012 seconds).
Test Case '-[CitySimNativeTests.StarterDistrictTests testStarterDistrictIsConnectedAcrossTwoOccupiedBlocksWithoutRoadDeadEnds]' started.
Test Case '-[CitySimNativeTests.StarterDistrictTests testStarterDistrictIsConnectedAcrossTwoOccupiedBlocksWithoutRoadDeadEnds]' passed (0.000 seconds).
Test Case '-[CitySimNativeTests.StarterDistrictTests testStarterDistrictIsSeedRepeatableAndCodableWithoutNewStateShape]' started.
Test Case '-[CitySimNativeTests.StarterDistrictTests testStarterDistrictIsSeedRepeatableAndCodableWithoutNewStateShape]' passed (0.005 seconds).
Test Case '-[CitySimNativeTests.StarterDistrictTests testStarterDistrictOffersSeveralValidGrowthFrontagesOnBothBlocks]' started.
Test Case '-[CitySimNativeTests.StarterDistrictTests testStarterDistrictOffersSeveralValidGrowthFrontagesOnBothBlocks]' passed (0.002 seconds).
Test Suite 'StarterDistrictTests' passed at 2026-07-25 23:11:26.884.
	 Executed 5 tests, with 0 failures (0 unexpected) in 0.029 (0.029) seconds
Test Suite 'StrategyResolutionPlatformTests' started at 2026-07-25 23:11:26.884.
Test Case '-[CitySimNativeTests.StrategyResolutionPlatformTests testBackupOnlyResolvedOutcomesLoadPausedClearUndoAndContinueExactly]' started.
Test Case '-[CitySimNativeTests.StrategyResolutionPlatformTests testBackupOnlyResolvedOutcomesLoadPausedClearUndoAndContinueExactly]' passed (1.340 seconds).
Test Case '-[CitySimNativeTests.StrategyResolutionPlatformTests testCorruptPrimaryRecoversEveryResolvedBackupWithoutMutation]' started.
Test Case '-[CitySimNativeTests.StrategyResolutionPlatformTests testCorruptPrimaryRecoversEveryResolvedBackupWithoutMutation]' passed (1.175 seconds).
Test Case '-[CitySimNativeTests.StrategyResolutionPlatformTests testFourResolutionFingerprintsRoundTripAndMeetPersistenceBudgets]' started.
Test Case '-[CitySimNativeTests.StrategyResolutionPlatformTests testFourResolutionFingerprintsRoundTripAndMeetPersistenceBudgets]' passed (1.148 seconds).
Test Case '-[CitySimNativeTests.StrategyResolutionPlatformTests testMissingResolutionKeyPreservesNilAndVersionOneDigest]' started.
Test Case '-[CitySimNativeTests.StrategyResolutionPlatformTests testMissingResolutionKeyPreservesNilAndVersionOneDigest]' passed (0.292 seconds).
Test Case '-[CitySimNativeTests.StrategyResolutionPlatformTests testResolutionUndoAndPresentationSnapshotRemainExact]' started.
Test Case '-[CitySimNativeTests.StrategyResolutionPlatformTests testResolutionUndoAndPresentationSnapshotRemainExact]' passed (0.266 seconds).
Test Case '-[CitySimNativeTests.StrategyResolutionPlatformTests testResolvedOutcomesAgreeAcrossSpeedReplayAndSaveResume]' started.
Test Case '-[CitySimNativeTests.StrategyResolutionPlatformTests testResolvedOutcomesAgreeAcrossSpeedReplayAndSaveResume]' passed (4.212 seconds).
Test Suite 'StrategyResolutionPlatformTests' passed at 2026-07-25 23:11:35.317.
	 Executed 6 tests, with 0 failures (0 unexpected) in 8.433 (8.434) seconds
Test Suite 'TerminalVictoryPlatformTests' started at 2026-07-25 23:11:35.317.
Test Case '-[CitySimNativeTests.TerminalVictoryPlatformTests testFourTerminalRoutesFreezeCommandsPersistenceBackupUndoAndSnapshots]' started.
Test Case '-[CitySimNativeTests.TerminalVictoryPlatformTests testFourTerminalRoutesFreezeCommandsPersistenceBackupUndoAndSnapshots]' passed (13.116 seconds).
Test Case '-[CitySimNativeTests.TerminalVictoryPlatformTests testLegacyAwardedPlayingSchemaZeroAndOneNormalizeOnlyAfterLoadedBoundary]' started.
Test Case '-[CitySimNativeTests.TerminalVictoryPlatformTests testLegacyAwardedPlayingSchemaZeroAndOneNormalizeOnlyAfterLoadedBoundary]' passed (0.067 seconds).
Test Suite 'TerminalVictoryPlatformTests' passed at 2026-07-25 23:11:48.500.
	 Executed 2 tests, with 0 failures (0 unexpected) in 13.182 (13.182) seconds
Test Suite 'VisibleCityStateFixtureTests' started at 2026-07-25 23:11:48.500.
Test Case '-[CitySimNativeTests.VisibleCityStateFixtureTests testAuthenticLegacyAndCurrentStoryCorporaRemainByteExact]' started.
Test Case '-[CitySimNativeTests.VisibleCityStateFixtureTests testAuthenticLegacyAndCurrentStoryCorporaRemainByteExact]' passed (0.001 seconds).
Test Case '-[CitySimNativeTests.VisibleCityStateFixtureTests testE380ComparisonCorpusRemainsByteExact]' started.
Test Case '-[CitySimNativeTests.VisibleCityStateFixtureTests testE380ComparisonCorpusRemainsByteExact]' passed (0.004 seconds).
Test Case '-[CitySimNativeTests.VisibleCityStateFixtureTests testLifecycleInvariantsAndExactReplayRemainAuthoritative]' started.
Test Case '-[CitySimNativeTests.VisibleCityStateFixtureTests testLifecycleInvariantsAndExactReplayRemainAuthoritative]' passed (4.322 seconds).
Test Case '-[CitySimNativeTests.VisibleCityStateFixtureTests testMatrixMatchesTwoIndependentBuildsAndFrozenManifest]' started.
PLAY045_AVAILABILITY existing=0 checks=1000 probes=2000 milliseconds=2.147
PLAY045_AVAILABILITY existing=1 checks=1000 probes=2000 milliseconds=2.365
PLAY045_AVAILABILITY existing=1 checks=1000 probes=2000 milliseconds=2.266
PLAY045_AVAILABILITY existing=2 checks=1000 probes=2000 milliseconds=2.129
CITYSIM_RENDER_DIAGNOSTICS initial_tiles=576 initial_nodes=1679 ten_pulses_reused=5758 ten_pulses_updated=2 render_ms=19.993 average_render_ms=1.999 world_update_ms=4.745 preparation_ms=2.995 tile_build_ms=1.743 tree_metrics_ms=0.419 final_nodes=1685
CITYSIM_OVERLAY_DIAGNOSTICS overlay_updates=64 overlay_nodes=676 city_nodes=656 block_nodes=676
PLAY072_STORY_CORPUS generation_one_ms=5890.158 generation_two_ms=5913.842 fixtures=12
PLAY072_STORY_FIXTURE id=commercial-opening-v3 tick=64 bytes=131323 digest=5fbc8b0641ef6dfb6000f8d087ec7c15e5b6ee028642e36a91ee60fab5e1e383 spatial=46cce8de45f0e3949a59838ea175f3fcf09d62a69f78d86bde67265d1abe411e fingerprint_ms=1.343 snapshot_ms=3.331 save_ms=9.577 load_ms=2.944
PLAY072_STORY_FIXTURE id=commercial-complication-v3 tick=128 bytes=131653 digest=4ba421ef2373dbfcd55bfbfdb4dc0280713fa3c079a3c628c6a99c57a918005b spatial=5964959bbd0e413b33261f7b319c5c85358fbda079f371954affa054748d59cf fingerprint_ms=1.345 snapshot_ms=3.238 save_ms=9.487 load_ms=2.888
PLAY072_STORY_FIXTURE id=commercial-recovery-v3 tick=256 bytes=132356 digest=2600f925ffee9a0706590f8fb414e763bc39305e456db18ec082498beea20335 spatial=5f8b4055ab823467e14fe87aac19feaf7b811f91c1dc43521c14252d66464b90 fingerprint_ms=1.177 snapshot_ms=3.407 save_ms=9.657 load_ms=2.794
PLAY072_STORY_FIXTURE id=commercial-charter-midpoint-v3 tick=844 bytes=133835 digest=b41bbd6505634c29d886675d5e52742904a5c36eaa77d059324a5bd0bd89e3f7 spatial=8a518adab5bf0057372cdfe8d0bccf4b7376d242199cc6e3501443539d2a3cb8 fingerprint_ms=1.285 snapshot_ms=3.432 save_ms=9.454 load_ms=3.091
PLAY072_STORY_FIXTURE id=industrial-opening-v3 tick=64 bytes=131299 digest=00520705c4365ac61f645c97192243ee2d4abcf9b1649979a59cba36cb830aa9 spatial=473ff4f37eda796383293dfd6c6a2a612f8df4e932f3b41dbe32ab49b9be9bb5 fingerprint_ms=1.200 snapshot_ms=3.320 save_ms=9.360 load_ms=2.800
PLAY072_STORY_FIXTURE id=industrial-complication-v3 tick=128 bytes=131639 digest=62abb44a03ad8d9699d100f6572fec2016b2ebb42b5a6f4243a1c67185517ce2 spatial=e6c8b0222d507b35e73f2a2b191772af0ff03d87ca335a946c61cb1e81108efb fingerprint_ms=1.179 snapshot_ms=3.198 save_ms=9.617 load_ms=2.821
PLAY072_STORY_FIXTURE id=industrial-recovery-v3 tick=256 bytes=132359 digest=12e57fc4587d00ae9314e719836168fbc535cc0f188d788627e28be336a3128e spatial=77af480a3f93b2719effc2372d6b9c033d6ef93d3da1e85100474af3b327ea54 fingerprint_ms=1.191 snapshot_ms=3.603 save_ms=9.268 load_ms=2.834
PLAY072_STORY_FIXTURE id=industrial-charter-midpoint-v3 tick=844 bytes=133736 digest=54f6cf644fc3ce526697c992ac604285feb65dec1041264201e85c8da53cf9c4 spatial=49d6742ee3982e94fcbc95c890058e526f9af95aa8defe036645bd9d2f996cf7 fingerprint_ms=1.191 snapshot_ms=3.290 save_ms=9.551 load_ms=2.955
PLAY072_STORY_FIXTURE id=commercial-tax-relief-regional-capital-v3 tick=1024 bytes=134001 digest=d3dc139bc5fbb65f23a898f5b3cfbad8d441de03acfc5fe21546c375836026ff spatial=a83e3b13996a8a4882a29fdebc28927558f0f1a6fb85b8f6869d615a10cc266c fingerprint_ms=1.180 snapshot_ms=3.223 save_ms=9.514 load_ms=3.007
PLAY072_STORY_FIXTURE id=commercial-public-realm-regional-capital-v3 tick=1024 bytes=134008 digest=50f9d91f17c21f045872f4050705e0dcb5ceb490b464b06dfd11235fbbc98644 spatial=17b4551aa5541315db8550a689fd46849a2bd51b4c4f840db2b68273481afa91 fingerprint_ms=1.171 snapshot_ms=3.219 save_ms=9.705 load_ms=2.990
PLAY072_STORY_FIXTURE id=industrial-utility-expansion-regional-capital-v3 tick=1036 bytes=134164 digest=4287b7c38ff2323d418ca929d6d0fe936eb5fbfc1ba3af621a2a2f7069134421 spatial=a9f41b656a086cce317a5abb4ffa580be74bc836497021bda7f02b4eece560f0 fingerprint_ms=1.199 snapshot_ms=3.381 save_ms=9.554 load_ms=2.842
PLAY072_STORY_FIXTURE id=industrial-green-buffer-regional-capital-v3 tick=1040 bytes=134104 digest=3de8dc77d7f662d199d50b09e0ee1c1210feb463abccbf2863533e6feb6feb2a spatial=e6603987db3efaceed8f2e0385b54c4d41b77d2cb069cfcd36c2b694315d7e58 fingerprint_ms=1.195 snapshot_ms=3.380 save_ms=9.124 load_ms=3.093
CITYSIM_CHECKPOINT name=accepted-industrial-pre-victory tick=840 status=playing treasury=76487.400 population=510 jobs=356 happiness=53.000 approval=100.000 power=463/600 water=403/540 powerPlants=2 waterTowers=2 balance=404.050 reserve=0.228 progression=11/false strategy=industrialExpansion/completed/-1 seed=10481999410520546993 messages=Population Milestone|Freight Network Secured|Industrial Load Absorbed|Neighborhood Upgraded|Freight Load Forecast|Neighborhood Upgraded|Regional Freight Contract|Budget Gap|Neighborhood Upgraded|Freight Contract Watch|Utility Reserve Tight|Town Charter Standards
CITYSIM_CHECKPOINT name=accepted-commercial-pre-victory tick=840 status=playing treasury=67506.900 population=510 jobs=356 happiness=55.900 approval=100.000 power=437/600 water=389/540 powerPlants=2 waterTowers=2 balance=480.650 reserve=0.272 progression=11/false strategy=commercialStewardship/completed/-1 seed=10481999410520546993 messages=Population Milestone|Neighborhood Upgraded|Neighborhood Upgraded|Main Street Recovery Delayed|Neighborhood Upgraded|Storefront Slump|Chain Store Rumor|Market Weekend|Main Street Crossroads|Town Charter Standards|A Town at the Crossroads
PLAY046_PRE_VICTORY_DIGESTS industrial=dcd18ec4870de1c67613aa5ab3ebe28ba7bb38d8859068099847b5113dbf330c commercial=9815a24299634aecf90347586832be51c10af6e445d5875f30bd9b708fe51854
CITYSIM_CHECKPOINT name=accepted-industrial-charter-midpoint tick=844 status=playing treasury=76892.750 population=511 jobs=357 happiness=53.000 approval=100.000 power=464/600 water=404/540 powerPlants=2 waterTowers=2 balance=405.350 reserve=0.227 progression=12/true strategy=industrialExpansion/completed/-1 seed=10481999410520546993 messages=Town Charter Awarded|Population Milestone|Freight Network Secured|Industrial Load Absorbed|Neighborhood Upgraded|Freight Load Forecast|Neighborhood Upgraded|Regional Freight Contract|Budget Gap|Neighborhood Upgraded|Freight Contract Watch|Utility Reserve Tight
CITYSIM_CHECKPOINT name=accepted-commercial-charter-midpoint tick=844 status=playing treasury=67989.370 population=511 jobs=357 happiness=55.900 approval=100.000 power=438/600 water=390/540 powerPlants=2 waterTowers=2 balance=482.470 reserve=0.270 progression=12/true strategy=commercialStewardship/completed/-1 seed=10481999410520546993 messages=Town Charter Awarded|Population Milestone|Neighborhood Upgraded|Neighborhood Upgraded|Main Street Recovery Delayed|Neighborhood Upgraded|Storefront Slump|Chain Store Rumor|Market Weekend|Main Street Crossroads|Town Charter Standards|A Town at the Crossroads
CITYSIM_CHECKPOINT name=dense-terminal tick=44 status=lost treasury=6853267.900 population=46459 jobs=32739 happiness=0.000 approval=0.000 power=40730/17700 water=36011/16200 powerPlants=59 waterTowers=60 balance=-105843.300 reserve=0.000 progression=0/false strategy=industrialExpansion/opportunity/68 seed=42 messages=Freight Contract Watch|Utility Shortfall|Budget Gap|Town Charter Standards|A Town at the Crossroads
CITYSIM_SESSION_PERFORMANCE fixture=dense-24x24-terminal-post-play071-v7 step_attempts=400 final_tick=44 status=lost simulation_ms=47.080 fingerprint_ms=1.452 snapshot_ms=4.422 save_ms=6.385 load_ms=2.798 bytes=136335 retained_sample_bytes=92160 digest=65e5f505f7b1c4532de2dc20401222e11121b21b2be0def8333a203b6f6daeaa
CITYSIM_PLAY059_SPATIAL_DIAGNOSTICS fixtures=6 average_ms=2.233 max_ms=3.154 snapshot_average_ms=3.500 snapshot_max_ms=4.454 diff_ms=0.092 events=69 retained_sample_bytes=92160
CITYSIM_PLAY059_FIXTURE id=commercial-opening-v3 state=5fbc8b0641ef6dfb6000f8d087ec7c15e5b6ee028642e36a91ee60fab5e1e383 diagnostics=1d68a4218943f8f8bf1e4959d2731994e88a5adcc3466a66d01cc04255798e98 CITYSIM_PLAY065_ACTIVITY=7aabdf91130f15a63faad21b107944a263fff00060fb74120a2d530fb1ae8dba
CITYSIM_PLAY059_FIXTURE id=commercial-complication-v3 state=4ba421ef2373dbfcd55bfbfdb4dc0280713fa3c079a3c628c6a99c57a918005b diagnostics=e848cf922e762e03a53abbf8b42c4f83f5f6f83ddc2d43f4885e068dbe78a76b CITYSIM_PLAY065_ACTIVITY=22c7346580424e8d09682f7b3b0264606ac2c743869c95a612a53a9df550710e
CITYSIM_PLAY059_FIXTURE id=commercial-recovery-v3 state=2600f925ffee9a0706590f8fb414e763bc39305e456db18ec082498beea20335 diagnostics=0091590c1554125160ea04e784b688af1fe1fdf7051c638f0cf2be18bf8770b6 CITYSIM_PLAY065_ACTIVITY=5cccefea9b9a8235baa0f7c92a8ee1c6fe28ae9afa056142bd5112e9c6070651
CITYSIM_PLAY059_FIXTURE id=commercial-charter-midpoint-v3 state=b41bbd6505634c29d886675d5e52742904a5c36eaa77d059324a5bd0bd89e3f7 diagnostics=6226d9037cbc8aee871b408b92440217b4b415f201b9bb4835a79471f05295b9 CITYSIM_PLAY065_ACTIVITY=783cc75ae88f7dbac769390baaa861cbb6757e499c7aea1b58c8d7dc2620ed80
CITYSIM_PLAY059_FIXTURE id=industrial-opening-v3 state=00520705c4365ac61f645c97192243ee2d4abcf9b1649979a59cba36cb830aa9 diagnostics=ad825abf41405fb2864ae5bb800ceebdf6eb9560fca0f820582504940837a9c3 CITYSIM_PLAY065_ACTIVITY=3cec89d4698e4f986f5ad1a49de7575170ada9175a9eb04172d4c2169b71e1ca
CITYSIM_PLAY059_FIXTURE id=industrial-complication-v3 state=62abb44a03ad8d9699d100f6572fec2016b2ebb42b5a6f4243a1c67185517ce2 diagnostics=4877a909eadfaefa862631adee0d1f4ed38073121db01e6bdc643a6a0c5622ef CITYSIM_PLAY065_ACTIVITY=5bad93ab73998e6c7345627d50f874912cd7b205a101407aff0e92b2c226aff7
CITYSIM_PLAY059_FIXTURE id=industrial-recovery-v3 state=12e57fc4587d00ae9314e719836168fbc535cc0f188d788627e28be336a3128e diagnostics=dda222e3c3d14e724f4cc841f4a414a45365141f967c58802455f69de9431414 CITYSIM_PLAY065_ACTIVITY=3596b6a54bbe57fe0d2c61ad8923477ada7206dd0dea0ebca897a81c063d1614
CITYSIM_PLAY059_FIXTURE id=industrial-charter-midpoint-v3 state=54f6cf644fc3ce526697c992ac604285feb65dec1041264201e85c8da53cf9c4 diagnostics=258276ebb3343f46bee74a72444edc662f764d0a1e7b9432502cf7b02c302893 CITYSIM_PLAY065_ACTIVITY=1f274175e2c169b0109d6742b4b7be2928ec127ca84fc12e7b7c1a8ff014adc1
CITYSIM_PLAY059_FIXTURE id=commercial-tax-relief-regional-capital-v3 state=d3dc139bc5fbb65f23a898f5b3cfbad8d441de03acfc5fe21546c375836026ff diagnostics=38f759fbf0b04b67b9b07261d7c09f1dc22c8b5ed73fb21ea914274190d63850 CITYSIM_PLAY065_ACTIVITY=97277a2a9cbd23c1c6eccaa37c63b862ffc3d949db9bed5e447070ae5fd7b0bc
CITYSIM_PLAY059_FIXTURE id=commercial-public-realm-regional-capital-v3 state=50f9d91f17c21f045872f4050705e0dcb5ceb490b464b06dfd11235fbbc98644 diagnostics=9eb0e73c1474f7182a8caa5c16d4f552970a14572292db06ac0df7add4e6b63f CITYSIM_PLAY065_ACTIVITY=4b55fe14a985fbae26a350367247a302ece0e97df04e80bbe99e8a139b863611
CITYSIM_PLAY059_FIXTURE id=industrial-utility-expansion-regional-capital-v3 state=4287b7c38ff2323d418ca929d6d0fe936eb5fbfc1ba3af621a2a2f7069134421 diagnostics=450f6caef57cf3501ebfa863c9aa418eeacafc6eb86be5df2aa6e45ef3846354 CITYSIM_PLAY065_ACTIVITY=84ae4028741a29f28fb85d2eeb2274812450575cb2ec4542616c3db25a07a9b1
CITYSIM_PLAY059_FIXTURE id=industrial-green-buffer-regional-capital-v3 state=3de8dc77d7f662d199d50b09e0ee1c1210feb463abccbf2863533e6feb6feb2a diagnostics=8bb17688dcc1c61d904db131200988001bfb1252d9ebd97aa23e2d9893398194 CITYSIM_PLAY065_ACTIVITY=996fc4156139cf1422b59d98708de32d00d4174ac4007a106d4d8715873bdc4e
PLAY044_DIGEST resolution=commercialTaxRelief digest=c3de5a0ca66e1e22766d44963e32b997b8f8e8425be92b3b1bb9ef8e4671ed1e
CITYSIM_RESOLUTION_PERFORMANCE resolution=commercialTaxRelief fingerprint_ms=1.403 snapshot_ms=3.400 save_ms=6.766 load_ms=3.553 bytes=132639 digest=c3de5a0ca66e1e22766d44963e32b997b8f8e8425be92b3b1bb9ef8e4671ed1e
PLAY044_DIGEST resolution=commercialPublicRealmInvestment digest=f4fa7eed2ebb3ed3cf1481e0b32e69493f2a7273b20ee308244762d52051c9ce
CITYSIM_RESOLUTION_PERFORMANCE resolution=commercialPublicRealmInvestment fingerprint_ms=1.498 snapshot_ms=3.518 save_ms=6.962 load_ms=3.131 bytes=132629 digest=f4fa7eed2ebb3ed3cf1481e0b32e69493f2a7273b20ee308244762d52051c9ce
PLAY044_DIGEST resolution=industrialUtilityExpansion digest=1b107f95d9ccf65c178f23d25212bb5b266faa452babf98a4c6de5183dee15b3
CITYSIM_RESOLUTION_PERFORMANCE resolution=industrialUtilityExpansion fingerprint_ms=1.325 snapshot_ms=3.451 save_ms=6.412 load_ms=3.124 bytes=133674 digest=1b107f95d9ccf65c178f23d25212bb5b266faa452babf98a4c6de5183dee15b3
PLAY044_DIGEST resolution=industrialGreenBuffer digest=232d962b7c66d1306ffd357de91a5cc745ac543b6887decadbcb0611dbdcbff9
CITYSIM_RESOLUTION_PERFORMANCE resolution=industrialGreenBuffer fingerprint_ms=1.249 snapshot_ms=3.388 save_ms=6.171 load_ms=2.978 bytes=132660 digest=232d962b7c66d1306ffd357de91a5cc745ac543b6887decadbcb0611dbdcbff9
PLAY069_TERMINAL resolution=commercialTaxRelief tick=1024 digest=d3dc139bc5fbb65f23a898f5b3cfbad8d441de03acfc5fe21546c375836026ff bytes=134001 fingerprint_ms=1.374 snapshot_ms=3.246 save_ms=6.697 load_ms=2.980
PLAY069_TERMINAL resolution=commercialPublicRealmInvestment tick=1024 digest=50f9d91f17c21f045872f4050705e0dcb5ceb490b464b06dfd11235fbbc98644 bytes=134008 fingerprint_ms=1.366 snapshot_ms=3.424 save_ms=6.334 load_ms=2.986
PLAY069_TERMINAL resolution=industrialUtilityExpansion tick=1036 digest=4287b7c38ff2323d418ca929d6d0fe936eb5fbfc1ba3af621a2a2f7069134421 bytes=134164 fingerprint_ms=1.267 snapshot_ms=3.317 save_ms=6.773 load_ms=3.061
PLAY069_TERMINAL resolution=industrialGreenBuffer tick=1040 digest=3de8dc77d7f662d199d50b09e0ee1c1210feb463abccbf2863533e6feb6feb2a bytes=134104 fingerprint_ms=1.326 snapshot_ms=3.199 save_ms=6.133 load_ms=2.843
PLAY072_MATRIX id=commercial-vacant-district-v2 tick=64 state=5fbc8b0641ef6dfb6000f8d087ec7c15e5b6ee028642e36a91ee60fab5e1e383 spatial=46cce8de45f0e3949a59838ea175f3fcf09d62a69f78d86bde67265d1abe411e diagnostics=1d68a4218943f8f8bf1e4959d2731994e88a5adcc3466a66d01cc04255798e98 activity=7aabdf91130f15a63faad21b107944a263fff00060fb74120a2d530fb1ae8dba file=cbe9970f377958dddaad52d89b464c92296dc1b9c03ec981862d3139736bea84 bytes=131323
PLAY072_MATRIX id=commercial-construction-district-v2 tick=64 state=6773e25c39118b30a35915192e8ac827364246ce1f324f43ad0a065f131034c5 spatial=46cce8de45f0e3949a59838ea175f3fcf09d62a69f78d86bde67265d1abe411e diagnostics=1d68a4218943f8f8bf1e4959d2731994e88a5adcc3466a66d01cc04255798e98 activity=7aabdf91130f15a63faad21b107944a263fff00060fb74120a2d530fb1ae8dba file=25ef34a4828f25a49c56a099abaa14aa694288235e1b603e7c481a4bdce5027c bytes=131328
PLAY072_MATRIX id=commercial-active-district-v2 tick=68 state=1689dfd55371055b6376f03e81f123927c7bc4df5a3f63aa841cd0a30b824441 spatial=3ba9f03ee4c3a4c47cca6c4a05413f17b484e0b99ba0682601df501f894cc003 diagnostics=8f5c5ef6051db95b8565ec90508a46715a5926b83df853473bfa128a24a65a67 activity=4f059a57183c6cc53ae3cdd73c3a47bf0587667a1e1e4f125936338d1290b508 file=0c6a897261bc020bfd18629bf6d4cc1ed0870e0787faca828ff77cdcedca5578 bytes=131328
PLAY072_MATRIX id=commercial-pressured-district-v2 tick=972 state=7a3d2cfe7391dbb8e7d760b3e44f9f9852966416a463330247131bc08fac1a5b spatial=4ac8cd3d3ae596a3a9500433244321ae52bde2fd3438f815f8809230065e9adf diagnostics=e4395b94068d0e7118a56f7ee0ed46975512972447f0b5098be6e77aa1d58f8a activity=5d298066d5ab1ebc1e522a24439d7f2b9481ab1ab643f44fb7f80e1f4625d7ee file=408df81be0fb4df8f5c8513d0e536e209719271beb5aa931ff46d25990253bdb bytes=133805
PLAY072_MATRIX id=commercial-recovering-district-v2 tick=976 state=bb93af0d43a88c7cce4e22265816f125bcffd6d2d55f0b0a5df7d72dc0a6301f spatial=82920d88f487a1959f8e66ba55f91218c903d64a0033f9540d90c63de12c8e06 diagnostics=801833aa1d45c5a8e8f30dbb6f8c1889e7a34124d6b4dba44c08c8cf3c4b1ee9 activity=ed92ca134a994b9922df36b6b5a0f819a19767b49a9cf45a8c69654ea662dac8 file=14f9191e15e54a89e26d0082293c7c498f14bd7c50c1afd9eb2d2ee629430572 bytes=133973
PLAY072_MATRIX id=commercial-upgraded-district-v2 tick=844 state=e685f45785a4a9df92881bf1f94597f002f568cfecd6efaf6bd7bd1df4ff18fd spatial=5fd23efe191426acedaf3699388b526906ae6e64fac7bef6dc44e55ed88e8acd diagnostics=a40e4cd4ea16412bc75b9567f23fef696469e57755bb5a8cdfc609438285f53f activity=92802cb8d8b65fa88219b2c51a1a495a829c906d1ce0937f3a9b729962d04935 file=1aaab1540ad08814131cf25c425cb30994afa59da9c6415e4a85eac334bbf395 bytes=133828
PLAY072_MATRIX id=commercial-terminal-district-v2 tick=1024 state=2c703b45e171e2fb3334098c253503d11282975be0424760cad0005a6c1466c1 spatial=3631066b594670740084569b188d5578d7066eb05aa832a1189b691746517229 diagnostics=7034cd530d35b57532e5899c9801e73Test Case '-[CitySimNativeTests.VisibleCityStateFixtureTests testMatrixMatchesTwoIndependentBuildsAndFrozenManifest]' passed (4.540 seconds).
Test Case '-[CitySimNativeTests.VisibleCityStateFixtureTests testPersistenceBackupUndoSnapshotsAndBudgetsRemainExact]' started.
Test Case '-[CitySimNativeTests.VisibleCityStateFixtureTests testPersistenceBackupUndoSnapshotsAndBudgetsRemainExact]' passed (0.374 seconds).
Test Case '-[CitySimNativeTests.VisibleCityStateFixtureTests testWriteFixtureCorpusOnlyWhenExplicitlyRequested]' started.
Test Case '-[CitySimNativeTests.VisibleCityStateFixtureTests testWriteFixtureCorpusOnlyWhenExplicitlyRequested]' passed (0.000 seconds).
Test Suite 'VisibleCityStateFixtureTests' passed at 2026-07-25 23:11:57.740.
	 Executed 6 tests, with 0 failures (0 unexpected) in 9.240 (9.241) seconds
Test Suite 'WorldRenderingTests' started at 2026-07-25 23:11:57.740.
Test Case '-[CitySimNativeTests.WorldRenderingTests testAnimatedLifecycleNodesReuseAcrossUnchangedPulsesWithoutAccumulation]' started.
Test Case '-[CitySimNativeTests.WorldRenderingTests testAnimatedLifecycleNodesReuseAcrossUnchangedPulsesWithoutAccumulation]' passed (0.051 seconds).
Test Case '-[CitySimNativeTests.WorldRenderingTests testAuthoredParkCompositionRendersAboveItsGroundingFoundation]' started.
Test Case '-[CitySimNativeTests.WorldRenderingTests testAuthoredParkCompositionRendersAboveItsGroundingFoundation]' passed (0.074 seconds).
Test Case '-[CitySimNativeTests.WorldRenderingTests testAuthoredRoadAtlasCoversEveryMaskAndFrontagesFaceConnectedRoads]' started.
Test Case '-[CitySimNativeTests.WorldRenderingTests testAuthoredRoadAtlasCoversEveryMaskAndFrontagesFaceConnectedRoads]' passed (0.135 seconds).
Test Case '-[CitySimNativeTests.WorldRenderingTests testCityLODUsesOnePersistentNonColorAggregatePerDevelopedPlace]' started.
Test Case '-[CitySimNativeTests.WorldRenderingTests testCityLODUsesOnePersistentNonColorAggregatePerDevelopedPlace]' passed (0.001 seconds).
Test Case '-[CitySimNativeTests.WorldRenderingTests testCitySceneInvalidatesOnlyVisibleLifecycleBandChanges]' started.
Test Case '-[CitySimNativeTests.WorldRenderingTests testCitySceneInvalidatesOnlyVisibleLifecycleBandChanges]' passed (0.057 seconds).
Test Case '-[CitySimNativeTests.WorldRenderingTests testCommercialFrontagePriorityIsStableAndRoadlessLotsFailExplicitly]' started.
Test Case '-[CitySimNativeTests.WorldRenderingTests testCommercialFrontagePriorityIsStableAndRoadlessLotsFailExplicitly]' passed (0.000 seconds).
Test Case '-[CitySimNativeTests.WorldRenderingTests testCompactSceneKeepsAmbientMeaningWithoutMotionResidency]' started.
Test Case '-[CitySimNativeTests.WorldRenderingTests testCompactSceneKeepsAmbientMeaningWithoutMotionResidency]' passed (0.072 seconds).
Test Case '-[CitySimNativeTests.WorldRenderingTests testCompletedLotsExposeDistinctCityNeighborhoodAndBlockContextWithoutLabelsOrActions]' started.
Test Case '-[CitySimNativeTests.WorldRenderingTests testCompletedLotsExposeDistinctCityNeighborhoodAndBlockContextWithoutLabelsOrActions]' passed (0.374 seconds).
Test Case '-[CitySimNativeTests.WorldRenderingTests testCompletedVisibleSetUsesGeneratedV4AcrossKindsAndLevelsWithoutLegacyFallback]' started.
Test Case '-[CitySimNativeTests.WorldRenderingTests testCompletedVisibleSetUsesGeneratedV4AcrossKindsAndLevelsWithoutLegacyFallback]' passed (0.140 seconds).
Test Case '-[CitySimNativeTests.WorldRenderingTests testConstructionProofExportsSameCoordinateAcrossFiveStages]' started.
Test Case '-[CitySimNativeTests.WorldRenderingTests testConstructionProofExportsSameCoordinateAcrossFiveStages]' passed (1.262 seconds).
Test Case '-[CitySimNativeTests.WorldRenderingTests testCorridorAmbientLifeHasBoundedConnectedContextAndIsReduceMotionSafe]' started.
Test Case '-[CitySimNativeTests.WorldRenderingTests testCorridorAmbientLifeHasBoundedConnectedContextAndIsReduceMotionSafe]' passed (0.205 seconds).
Test Case '-[CitySimNativeTests.WorldRenderingTests testDevelopedMassCameraIgnoresRemoteOpportunityAndNumericOccupancy]' started.
Test Case '-[CitySimNativeTests.WorldRenderingTests testDevelopedMassCameraIgnoresRemoteOpportunityAndNumericOccupancy]' passed (0.131 seconds).
Test Case '-[CitySimNativeTests.WorldRenderingTests testDirectionalCommercialIdentitySurvivesPulseSaveLoadUndoCameraAndLOD]' started.
Test Case '-[CitySimNativeTests.WorldRenderingTests testDirectionalCommercialIdentitySurvivesPulseSaveLoadUndoCameraAndLOD]' passed (1.755 seconds).
Test Case '-[CitySimNativeTests.WorldRenderingTests testDirectionalCommercialProductionSelectionCoversEveryLevelAndAuthoritativeFrontage]' started.
Test Case '-[CitySimNativeTests.WorldRenderingTests testDirectionalCommercialProductionSelectionCoversEveryLevelAndAuthoritativeFrontage]' passed (1.324 seconds).
Test Case '-[CitySimNativeTests.WorldRenderingTests testDirectionalCommercialRuntimeMatrixExportsPreIngestionAndProductionSelection]' started.
Test Case '-[CitySimNativeTests.WorldRenderingTests testDirectionalCommercialRuntimeMatrixExportsPreIngestionAndProductionSelection]' passed (0.594 seconds).
Test Case '-[CitySimNativeTests.WorldRenderingTests testDirectionalIndustrialL1IdentitySurvivesPulseSaveLoadUndoCameraAndLOD]' started.
Test Case '-[CitySimNativeTests.WorldRenderingTests testDirectionalIndustrialL1IdentitySurvivesPulseSaveLoadUndoCameraAndLOD]' passed (1.728 seconds).
Test Case '-[CitySimNativeTests.WorldRenderingTests testDirectionalIndustrialL1ProductionSelectionCoversEveryAuthoritativeFrontageAndLOD]' started.
Test Case '-[CitySimNativeTests.WorldRenderingTests testDirectionalIndustrialL1ProductionSelectionCoversEveryAuthoritativeFrontageAndLOD]' passed (0.323 seconds).
Test Case '-[CitySimNativeTests.WorldRenderingTests testDirectionalResidentialIdentitySurvivesPulseSaveLoadUndoCameraAndLOD]' started.
Test Case '-[CitySimNativeTests.WorldRenderingTests testDirectionalResidentialIdentitySurvivesPulseSaveLoadUndoCameraAndLOD]' passed (1.748 seconds).
Test Case '-[CitySimNativeTests.WorldRenderingTests testDirectionalResidentialProductionSelectionCoversEveryLevelAndAuthoritativeFrontage]' started.
Test Case '-[CitySimNativeTests.WorldRenderingTests testDirectionalResidentialProductionSelectionCoversEveryLevelAndAuthoritativeFrontage]' passed (1.275 seconds).
Test Case '-[CitySimNativeTests.WorldRenderingTests testDirectionalResidentialRuntimeMatrixExportsPreIngestionAndProductionSelection]' started.
Test Case '-[CitySimNativeTests.WorldRenderingTests testDirectionalResidentialRuntimeMatrixExportsPreIngestionAndProductionSelection]' passed (0.589 seconds).
Test Case '-[CitySimNativeTests.WorldRenderingTests testEntireAuthoritativeRoadNetworkStaysPhysicalWithoutChangingHitGeometry]' started.
Test Case '-[CitySimNativeTests.WorldRenderingTests testEntireAuthoritativeRoadNetworkStaysPhysicalWithoutChangingHitGeometry]' passed (0.008 seconds).
Test Case '-[CitySimNativeTests.WorldRenderingTests testExactCompactActiveCoordinateRemainsInsideSafeWorldViewport]' started.
Test Case '-[CitySimNativeTests.WorldRenderingTests testExactCompactActiveCoordinateRemainsInsideSafeWorldViewport]' passed (0.031 seconds).
Test Case '-[CitySimNativeTests.WorldRenderingTests testFiveOverlaysUseDistinctSparseNonColorMarksWithoutTileWashOrLabels]' started.
Test Case '-[CitySimNativeTests.WorldRenderingTests testFiveOverlaysUseDistinctSparseNonColorMarksWithoutTileWashOrLabels]' passed (0.001 seconds).
Test Case '-[CitySimNativeTests.WorldRenderingTests testFiveOverlaysUseOnlyApprovedSpatialSamplesAndRespectTypedDomains]' started.
Test Case '-[CitySimNativeTests.WorldRenderingTests testFiveOverlaysUseOnlyApprovedSpatialSamplesAndRespectTypedDomains]' passed (0.000 seconds).
Test Case '-[CitySimNativeTests.WorldRenderingTests testGeneratedResidencyPreloadTracksOnlyAssetIdentityTopologyAndLOD]' started.
Test Case '-[CitySimNativeTests.WorldRenderingTests testGeneratedResidencyPreloadTracksOnlyAssetIdentityTopologyAndLOD]' passed (0.585 seconds).
Test Case '-[CitySimNativeTests.WorldRenderingTests testGeneratedWorldCatalogMeasuresDecodeLoadWithoutChargingCacheHits]' started.
Test Case '-[CitySimNativeTests.WorldRenderingTests testGeneratedWorldCatalogMeasuresDecodeLoadWithoutChargingCacheHits]' passed (0.063 seconds).
Test Case '-[CitySimNativeTests.WorldRenderingTests testGeneratedWorldDescriptorsRegisterPhysicalGeometryWithoutInventingGameplayCells]' started.
Test Case '-[CitySimNativeTests.WorldRenderingTests testGeneratedWorldDescriptorsRegisterPhysicalGeometryWithoutInventingGameplayCells]' passed (3.645 seconds).
Test Case '-[CitySimNativeTests.WorldRenderingTests testGeneratedWorldLegacyRollbackIsExplicitAndDoesNotChangeStateContracts]' started.
Test Case '-[CitySimNativeTests.WorldRenderingTests testGeneratedWorldLegacyRollbackIsExplicitAndDoesNotChangeStateContracts]' passed (0.001 seconds).
Test Case '-[CitySimNativeTests.WorldRenderingTests testGeneratedWorldMissingLogicalAssetEmitsBoundedExplicitDiagnostic]' started.
Test Case '-[CitySimNativeTests.WorldRenderingTests testGeneratedWorldMissingLogicalAssetEmitsBoundedExplicitDiagnostic]' passed (0.003 seconds).
Test Case '-[CitySimNativeTests.WorldRenderingTests testGeneratedWorldPreloadsOneAdjacentLODWithinPageBudget]' started.
Test Case '-[CitySimNativeTests.WorldRenderingTests testGeneratedWorldPreloadsOneAdjacentLODWithinPageBudget]' passed (0.162 seconds).
Test Case '-[CitySimNativeTests.WorldRenderingTests testGeneratedWorldProductionBundleLoadsPagesInsteadOfUnpackedPayloads]' started.
Test Case '-[CitySimNativeTests.WorldRenderingTests testGeneratedWorldProductionBundleLoadsPagesInsteadOfUnpackedPayloads]' passed (0.069 seconds).
Test Case '-[CitySimNativeTests.WorldRenderingTests testGeneratedWorldResidencyIsBoundedAcrossRepeatedRealLODTransitions]' started.
Test Case '-[CitySimNativeTests.WorldRenderingTests testGeneratedWorldResidencyIsBoundedAcrossRepeatedRealLODTransitions]' passed (0.583 seconds).
Test Case '-[CitySimNativeTests.WorldRenderingTests testGeneratedWorldUnknownPackOverrideFailsExplicitly]' started.
Test Case '-[CitySimNativeTests.WorldRenderingTests testGeneratedWorldUnknownPackOverrideFailsExplicitly]' passed (0.000 seconds).
Test Case '-[CitySimNativeTests.WorldRenderingTests testGoldenNeighborhoodShippingRendererExportsThreeLODsAndCompact]' started.
Test Case '-[CitySimNativeTests.WorldRenderingTests testGoldenNeighborhoodShippingRendererExportsThreeLODsAndCompact]' passed (1.522 seconds).
Test Case '-[CitySimNativeTests.WorldRenderingTests testGoldenNeighborhoodTerrainAtlasLoadsEveryAuthoredMaterial]' started.
Test Case '-[CitySimNativeTests.WorldRenderingTests testGoldenNeighborhoodTerrainAtlasLoadsEveryAuthoredMaterial]' passed (3.667 seconds).
Test Case '-[CitySimNativeTests.WorldRenderingTests testIndustrialL1FrontagePriorityIsStableAndRoadlessOrHigherLevelsFailExplicitly]' started.
Test Case '-[CitySimNativeTests.WorldRenderingTests testIndustrialL1FrontagePriorityIsStableAndRoadlessOrHigherLevelsFailExplicitly]' passed (0.000 seconds).
Test Case '-[CitySimNativeTests.WorldRenderingTests testIndustrialStrainCameraPrioritizesTheDominantDistrictWithoutHidingRemoteTruth]' started.
Test Case '-[CitySimNativeTests.WorldRenderingTests testIndustrialStrainCameraPrioritizesTheDominantDistrictWithoutHidingRemoteTruth]' passed (5.852 seconds).
Test Case '-[CitySimNativeTests.WorldRenderingTests testInteractionPriorityUsesGroundedBoundariesWithoutBillboardClutter]' started.
Test Case '-[CitySimNativeTests.WorldRenderingTests testInteractionPriorityUsesGroundedBoundariesWithoutBillboardClutter]' passed (0.576 seconds).
Test Case '-[CitySimNativeTests.WorldRenderingTests testLifecycleProofFramesDistinguishConstructionDeclineAndRecovery]' started.
Test Case '-[CitySimNativeTests.WorldRenderingTests testLifecycleProofFramesDistinguishConstructionDeclineAndRecovery]' passed (1.603 seconds).
Test Case '-[CitySimNativeTests.WorldRenderingTests testLifecycleSilhouettesMotionAndReducedMotionFallbacksStayDistinct]' started.
Test Case '-[CitySimNativeTests.WorldRenderingTests testLifecycleSilhouettesMotionAndReducedMotionFallbacksStayDistinct]' passed (0.002 seconds).
Test Case '-[CitySimNativeTests.WorldRenderingTests testLotConsequencePresentationMapsOnlyAuthoritativeTileFields]' started.
Test Case '-[CitySimNativeTests.WorldRenderingTests testLotConsequencePresentationMapsOnlyAuthoritativeTileFields]' passed (0.000 seconds).
Test Case '-[CitySimNativeTests.WorldRenderingTests testLotContextIsDeterministicTruthBoundedAndProtectsFrontage]' started.
Test Case '-[CitySimNativeTests.WorldRenderingTests testLotContextIsDeterministicTruthBoundedAndProtectsFrontage]' passed (0.000 seconds).
Test Case '-[CitySimNativeTests.WorldRenderingTests testLotRendererPublishesDistinctConstructionConditionAndRecoveryStates]' started.
Test Case '-[CitySimNativeTests.WorldRenderingTests testLotRendererPublishesDistinctConstructionConditionAndRecoveryStates]' passed (0.001 seconds).
Test Case '-[CitySimNativeTests.WorldRenderingTests testMacroTerrainReplacesTheRepeatedCellPlateAndKeepsEmptyLotsInteractive]' started.
Test Case '-[CitySimNativeTests.WorldRenderingTests testMacroTerrainReplacesTheRepeatedCellPlateAndKeepsEmptyLotsInteractive]' passed (0.035 seconds).
Test Case '-[CitySimNativeTests.WorldRenderingTests testOpeningCameraRefitsOnceAfterTheShippingViewportSettles]' started.
Test Case '-[CitySimNativeTests.WorldRenderingTests testOpeningCameraRefitsOnceAfterTheShippingViewportSettles]' passed (0.538 seconds).
Test Case '-[CitySimNativeTests.WorldRenderingTests testProductionCorridorExportsAllTopologySeamMosaicAcrossSemanticLODs]' started.
Test Case '-[CitySimNativeTests.WorldRenderingTests testProductionCorridorExportsAllTopologySeamMosaicAcrossSemanticLODs]' passed (0.275 seconds).
Test Case '-[CitySimNativeTests.WorldRenderingTests testReducedMotionEventsExpireBoundedlyAndSuppressSaveLoadUndoReplayDuplicates]' started.
Test Case '-[CitySimNativeTests.WorldRenderingTests testReducedMotionEventsExpireBoundedlyAndSuppressSaveLoadUndoReplayDuplicates]' passed (0.164 seconds).
Test Case '-[CitySimNativeTests.WorldRenderingTests testRejectedGoldenDistrictReferenceStaysIneligibleAndRetainsExplicitLODAssets]' started.
Test Case '-[CitySimNativeTests.WorldRenderingTests testRejectedGoldenDistrictReferenceStaysIneligibleAndRetainsExplicitLODAssets]' passed (0.052 seconds).
Test Case '-[CitySimNativeTests.WorldRenderingTests testRendererDiagnosticsSeparateWorldUpdateTotalRenderAndAssetDecode]' started.
Test Case '-[CitySimNativeTests.WorldRenderingTests testRendererDiagnosticsSeparateWorldUpdateTotalRenderAndAssetDecode]' passed (0.009 seconds).
Test Case '-[CitySimNativeTests.WorldRenderingTests testResidentialFrontagePriorityIsStableAndRoadlessLotsFailExplicitly]' started.
Test Case '-[CitySimNativeTests.WorldRenderingTests testResidentialFrontagePriorityIsStableAndRoadlessLotsFailExplicitly]' passed (0.000 seconds).
Test Case '-[CitySimNativeTests.WorldRenderingTests testRoadEnclosedCommonsStayVacantAndJoinTheAuthoritativeFrontageNetwork]' started.
Test Case '-[CitySimNativeTests.WorldRenderingTests testRoadEnclosedCommonsStayVacantAndJoinTheAuthoritativeFrontageNetwork]' passed (0.045 seconds).
Test Case '-[CitySimNativeTests.WorldRenderingTests testRoundOneShippingStartExportsDevelopedBoundsDefaultAndCompact]' started.
Test Case '-[CitySimNativeTests.WorldRenderingTests testRoundOneShippingStartExportsDevelopedBoundsDefaultAndCompact]' passed (0.473 seconds).
Test Case '-[CitySimNativeTests.WorldRenderingTests testSelectionOnlyBuildStateCannotSynthesizeTypedTargetContext]' started.
Test Case '-[CitySimNativeTests.WorldRenderingTests testSelectionOnlyBuildStateCannotSynthesizeTypedTargetContext]' passed (0.060 seconds).
Test Case '-[CitySimNativeTests.WorldRenderingTests testShippingSceneNeverPresentsRejectedGoldenDistrictPlate]' started.
Test Case '-[CitySimNativeTests.WorldRenderingTests testShippingSceneNeverPresentsRejectedGoldenDistrictPlate]' passed (0.042 seconds).
Test Case '-[CitySimNativeTests.WorldRenderingTests testSpatialConsequenceProofExportsSameCityWorseningRecoveryAndCompact]' started.
Test Case '-[CitySimNativeTests.WorldRenderingTests testSpatialConsequenceProofExportsSameCityWorseningRecoveryAndCompact]' passed (0.848 seconds).
Test Case '-[CitySimNativeTests.WorldRenderingTests testSpatialConsequencesPublishNonColorUtilityPollutionAndVitalityCues]' started.
Test Case '-[CitySimNativeTests.WorldRenderingTests testSpatialConsequencesPublishNonColorUtilityPollutionAndVitalityCues]' passed (0.000 seconds).
Test Case '-[CitySimNativeTests.WorldRenderingTests testSpatialTransitionEventsHaveStaticReduceMotionMeaningAndBoundedAnimation]' started.
Test Case '-[CitySimNativeTests.WorldRenderingTests testSpatialTransitionEventsHaveStaticReduceMotionMeaningAndBoundedAnimation]' passed (0.000 seconds).
Test Case '-[CitySimNativeTests.WorldRenderingTests testStarterUtilityCampusGroundBridgesRealAnchorsAndAccessWithoutChangingBuildTruth]' started.
Test Case '-[CitySimNativeTests.WorldRenderingTests testStarterUtilityCampusGroundBridgesRealAnchorsAndAccessWithoutChangingBuildTruth]' passed (0.001 seconds).
Test Case '-[CitySimNativeTests.WorldRenderingTests testStartingCameraFramesTheDevelopedCoreAtDefaultAndCompactLODs]' started.
Test Case '-[CitySimNativeTests.WorldRenderingTests testStartingCameraFramesTheDevelopedCoreAtDefaultAndCompactLODs]' passed (4.672 seconds).
Test Case '-[CitySimNativeTests.WorldRenderingTests testStrategyDistrictIdentityIsStableClampedAndTruthLimited]' started.
Test Case '-[CitySimNativeTests.WorldRenderingTests testStrategyDistrictIdentityIsStableClampedAndTruthLimited]' passed (0.000 seconds).
Test Case '-[CitySimNativeTests.WorldRenderingTests testThirtyMinuteEquivalentUnchangedPulseSoakPreservesWorldIdentity]' started.
Test Case '-[CitySimNativeTests.WorldRenderingTests testThirtyMinuteEquivalentUnchangedPulseSoakPreservesWorldIdentity]' passed (0.033 seconds).
Test Case '-[CitySimNativeTests.WorldRenderingTests testTruthOverlaysDoNotRevealCompoundFacadeGlyphs]' started.
Test Case '-[CitySimNativeTests.WorldRenderingTests testTruthOverlaysDoNotRevealCompoundFacadeGlyphs]' passed (0.044 seconds).
Test Case '-[CitySimNativeTests.WorldRenderingTests testTypedLocalActivityIsDeterministicBoundedTruthSafeAndSuppressesNilOrZero]' started.
Test Case '-[CitySimNativeTests.WorldRenderingTests testTypedLocalActivityIsDeterministicBoundedTruthSafeAndSuppressesNilOrZero]' passed (0.008 seconds).
Test Case '-[CitySimNativeTests.WorldRenderingTests testTypedLocalActivityReusesAmbientTreeUntilItsVisibleBandChanges]' started.
Test Case '-[CitySimNativeTests.WorldRenderingTests testTypedLocalActivityReusesAmbientTreeUntilItsVisibleBandChanges]' passed (0.094 seconds).
Test Case '-[CitySimNativeTests.WorldRenderingTests testTypedLocalActivitySwitchesToCurrentHighestBandSourceExactlyOnce]' started.
Test Case '-[CitySimNativeTests.WorldRenderingTests testTypedLocalActivitySwitchesToCurrentHighestBandSourceExactlyOnce]' passed (0.044 seconds).
Test Case '-[CitySimNativeTests.WorldRenderingTests testTypedPlacementTargetKeepsMeaningfulDistrictAndRoadContextAtBothShippingSizes]' started.
Test Case '-[CitySimNativeTests.WorldRenderingTests testTypedPlacementTargetKeepsMeaningfulDistrictAndRoadContextAtBothShippingSizes]' passed (3.529 seconds).
Test Suite 'WorldRenderingTests' passed at 2026-07-25 23:12:38.924.
	 Executed 66 tests, with 0 failures (0 unexpected) in 41.179 (41.184) seconds
Test Suite 'CitySimNativePackageTests.xctest' passed at 2026-07-25 23:12:38.924.
	 Executed 261 tests, with 0 failures (0 unexpected) in 208.465 (208.482) seconds
Test Suite 'All tests' passed at 2026-07-25 23:12:38.924.
	 Executed 261 tests, with 0 failures (0 unexpected) in 208.465 (208.483) seconds
fd67390f06c07fb4f5c0fa37e8c3b874b activity=4bc189969861f68d2a365ae6b58a4325eb10cb5970f9a42477a6e235fc4df2dc file=ae0119561243c9d1a4c66f1690f2ee44616978962b72968022755d4b4727845a bytes=134026
PLAY072_MATRIX id=industrial-vacant-district-v2 tick=64 state=00520705c4365ac61f645c97192243ee2d4abcf9b1649979a59cba36cb830aa9 spatial=473ff4f37eda796383293dfd6c6a2a612f8df4e932f3b41dbe32ab49b9be9bb5 diagnostics=ad825abf41405fb2864ae5bb800ceebdf6eb9560fca0f820582504940837a9c3 activity=3cec89d4698e4f986f5ad1a49de7575170ada9175a9eb04172d4c2169b71e1ca file=f1da051f38406edaf654a4d067f987409097abee563fe3c2072798be2936b338 bytes=131299
PLAY072_MATRIX id=industrial-construction-district-v2 tick=64 state=c799f670035fb75c0ceac042d4cd39d6c2c4551ae2039ea62c3f9f1c8d4ba580 spatial=473ff4f37eda796383293dfd6c6a2a612f8df4e932f3b41dbe32ab49b9be9bb5 diagnostics=ad825abf41405fb2864ae5bb800ceebdf6eb9560fca0f820582504940837a9c3 activity=3cec89d4698e4f986f5ad1a49de7575170ada9175a9eb04172d4c2169b71e1ca file=603d9d30fb8b03190d4673af47f3acab191d80f0f1ee67248aadde590eb6e379 bytes=131304
PLAY072_MATRIX id=industrial-active-district-v2 tick=68 state=5c9967565216e12094feff21a402a8254967ec6e82edd2c3f3fab9ec4457b3a1 spatial=3b6169129e6e77519062eba373793f342c5cdabc4b0c532e2d3d6d378829c093 diagnostics=9962260fb4c881a24a5064fb58c396176a8a0ca83bd0398ab4c9924ab7b72878 activity=fe72d6b5ed0b4461b9db58de01de3ac14267bc8a528d414e8b12c5bcdcc81a06 file=0cc52db53db0804fb73804a6f9263f1f8eec009a397311fe0ab9efe28af608b9 bytes=131290
PLAY072_MATRIX id=industrial-pressured-district-v2 tick=972 state=aead13d649a772d05b3a81b185e3b5a71531a4ae6d9f223b7edf75fd4dd355f3 spatial=ed7b338971f5310941073c47268d01bd87fa66b45b36a6c4e2036d4ae7efa0b0 diagnostics=5ecf4bf33bf7b1f4802c5f9296c7cc1e5a7b69ebde7075208f309d8429e9eaff activity=d7d6ffb23ce289735feff5f06cb818412ca9bdfc2888b13aa2fef91ae9e8e6d5 file=0a39d5537b7cf1bd477d47a9b1a50753ad45ac919dbe7e31933e6e56792ba923 bytes=133956
PLAY072_MATRIX id=industrial-recovering-district-v2 tick=992 state=c1ed4d01f0b2579950b5434833cfe3ec321fc4e6f3531e6c5511f860c1dcd138 spatial=63ccc8c81f7e8873c19942dea2b0ca8fe0f6bd5b35b6daadda503d8f1e51778f diagnostics=fb05a5f2f6c3349216d76a52a3b039788776109e0175f2d7db7b85d71a717342 activity=5a0a67967d05a9d96f0aa401b285e3980e344331d5a9cb0ea9510c40609e00f6 file=7766938ad559619ee48f66bb8c79e47e64f23e720c2dec89c29e26be020003ae bytes=134152
PLAY072_MATRIX id=industrial-upgraded-district-v2 tick=844 state=765774d35970a67db0d0f90a0ed9f18e39a8690bf57ac900f5793d3866db4942 spatial=d9a171656047eccb841567ae1f970bad3375087ed3f1a9bdc23202c190f00e91 diagnostics=b464dd5fb95853e23be2b1f8c154a571cab8e1b8dd04eb3ea24ae10b94e1ec1e activity=eb45c1e0b3647697c3976eda3ae6e9184ba0011490be80a032b90b18322a6395 file=6ac5903b2d2b6f0ccbdbae41ba3fbedce9aaa4bfc575c8ba567d3f9f39ac4e08 bytes=133884
PLAY072_MATRIX id=industrial-terminal-district-v2 tick=1036 state=ea6b45cd5f647507916eda1ff1102aafe832493a364a86a1471cf8b164a0fc4b spatial=c52babf0ab2286c1a849819071970fc7b4c4b4933019f270510e63e067d80ea5 diagnostics=0a278714b7097310475b07c8fc5ab7a61f88975e43d9fb61a92d6c3f614054c1 activity=435ab1b50b6fd1b53d202911c25dbcc832ea673db53dd75203efa88855ad6b42 file=0e577d916ff09b1a0905717f150124ce3e65ae6dfff6c4d859977c4f834fe9b9 bytes=134139
PLAY072_CORPUS generation_one_ms=2281.661 generation_two_ms=2165.668 fixtures=14
PLAY072_BUDGET id=commercial-vacant-district-v2 bytes=131323 fingerprint_ms=1.640 snapshot_ms=3.356 save_ms=9.345 load_ms=2.993 retained=92160
PLAY072_BUDGET id=commercial-construction-district-v2 bytes=131328 fingerprint_ms=1.282 snapshot_ms=3.173 save_ms=9.779 load_ms=3.077 retained=92160
PLAY072_BUDGET id=commercial-active-district-v2 bytes=131328 fingerprint_ms=1.203 snapshot_ms=3.323 save_ms=9.189 load_ms=3.005 retained=92160
PLAY072_BUDGET id=commercial-pressured-district-v2 bytes=133805 fingerprint_ms=1.179 snapshot_ms=3.226 save_ms=10.031 load_ms=2.924 retained=92160
PLAY072_BUDGET id=commercial-recovering-district-v2 bytes=133973 fingerprint_ms=1.174 snapshot_ms=3.350 save_ms=9.470 load_ms=2.871 retained=92160
PLAY072_BUDGET id=commercial-upgraded-district-v2 bytes=133828 fingerprint_ms=1.366 snapshot_ms=3.297 save_ms=9.475 load_ms=2.889 retained=92160
PLAY072_BUDGET id=commercial-terminal-district-v2 bytes=134026 fingerprint_ms=1.445 snapshot_ms=3.382 save_ms=9.634 load_ms=2.939 retained=92160
PLAY072_BUDGET id=industrial-vacant-district-v2 bytes=131299 fingerprint_ms=1.197 snapshot_ms=3.191 save_ms=9.433 load_ms=2.929 retained=92160
PLAY072_BUDGET id=industrial-construction-district-v2 bytes=131304 fingerprint_ms=1.180 snapshot_ms=3.168 save_ms=9.464 load_ms=3.039 retained=92160
PLAY072_BUDGET id=industrial-active-district-v2 bytes=131290 fingerprint_ms=1.152 snapshot_ms=3.247 save_ms=9.193 load_ms=2.829 retained=92160
PLAY072_BUDGET id=industrial-pressured-district-v2 bytes=133956 fingerprint_ms=1.168 snapshot_ms=3.412 save_ms=9.530 load_ms=2.892 retained=92160
PLAY072_BUDGET id=industrial-recovering-district-v2 bytes=134152 fingerprint_ms=1.226 snapshot_ms=3.488 save_ms=9.569 load_ms=2.986 retained=92160
PLAY072_BUDGET id=industrial-upgraded-district-v2 bytes=133884 fingerprint_ms=1.269 snapshot_ms=3.189 save_ms=9.427 load_ms=3.063 retained=92160
PLAY072_BUDGET id=industrial-terminal-district-v2 bytes=134139 fingerprint_ms=1.164 snapshot_ms=3.098 save_ms=9.880 load_ms=2.989 retained=92160
CITYSIM_PLAY020_MOTION_DIAGNOSTICS active_actions=3 unchanged_pulses=12 unchanged_updates=0 reduced_motion_actions=0
PLAY022_M3_RESIDENCY active=block resident_textures=3 resident_bytes=41943040 high_water_bytes=41943040 hits=948 misses=12 evictions=9 fallbacks=0
CITYSIM_PLAY021_GOLDEN_DIAGNOSTICS nodes=967 drawables=481 actions=0 world_update_ms=4.715 asset_decode_loads=0 asset_decode_ms=0.000 total_render_ms=7.489
CITYSIM_PLAY020_DIAGNOSTICS lifecycle_nodes=927 lifecycle_drawables=489 lifecycle_actions=0 lifecycle_update_ms=4.741 recovery_nodes=895 recovery_drawables=464 recovery_actions=0 recovery_update_ms=3.586 compact_nodes=927 city_nodes=907 block_nodes=927 detail=neighborhood
PLAY022_ROUND1C_COLD_PROFILE backdrop_ms=0.344 preparation_ms=0.009 tile_build_ms=4.192 tree_metrics_ms=0.223 world_update_ms=4.546 asset_decode_loads=0 asset_decode_ms=0.000 total_render_ms=7.306
PLAY022_M2_FRAME size=1280x800 scale=0.3896103799343109 detail=block occupied=0.6000000149011616,0.9214933254278227 network=1.4250000353902588,1.637686607836566 nodes=1679 drawables=847
PLAY022_M2_FRAME size=900x600 scale=0.5568445324897766 detail=block occupied=0.6000000162422662,1.5291324455727584 network=1.425000038575382,2.7175885691415473 nodes=1679 drawables=847
CITYSIM_PLAY022_SPATIAL_PROOF focus=13,11 strained_utility=severe strained_pollution=severe strained_vitality=strained recovered_utility=strained recovered_pollution=strained recovered_vitality=prosperous event_ids=spatial-v1:1:75cfd3b383e2590c4268c0b22e72ad23e879d0af4b923e4e98b59a95a3a204ec:13:11:utility:0:1,spatial-v1:1:75cfd3b383e2590c4268c0b22e72ad23e879d0af4b923e4e98b59a95a3a204ec:13:11:pollution:0:1,spatial-v1:1:75cfd3b383e2590c4268c0b22e72ad23e879d0af4b923e4e98b59a95a3a204ec:13:11:vitality:0:2
CITYSIM_PLAY021_SOAK_DIAGNOSTICS equivalent_minutes=30 pulses=4286 nodes=1679 drawables=847 actions=2 total_ms=2.900 average_ms=0.0007
◇ Test run started.
↳ Testing Library Version: 1902
↳ Target Platform: arm64e-apple-macos14.0
✔ Test run with 0 tests in 0 suites passed after 0.001 seconds.
